temperature_c,relative_humidity,wind_speed_ms,solar_radiation,composite_score,elderly_population_pct,outdoor_worker_density,informal_settlement_density,hospitalization_risk_index
29.36350297118406,38.31939786151342,8.579938174253892,648.256954077822,28.33,23.00669809868489,0.3989126547733588,0.6234450572272447,0.0251337381330171
43.767857660247905,37.28851593503999,12.081484939499795,172.38636210516623,60.0,22.182075110328192,0.36632967698512264,0.16402605581274932,0.3114080674536422
38.29984854528513,83.43782063647257,11.402413946852386,872.3945633548149,100.0,7.393854966583941,0.24092313000228804,0.29386384916299124,0.7017275839176821
34.96646210492592,37.46823398946543,2.308498570406605,613.1162390692415,68.88,28.064310122645,0.5858133360811904,0.7189434771834006,0.26399561547548656
23.900466011060914,39.03648082900417,2.2387420461221086,157.20388355695425,8.76,19.21180505392049,0.48129932840690315,0.5229486829430557,0.021126055257254795
23.899863008405067,73.15787836925746,4.022615516173699,962.3380574812069,65.35,14.093138028392106,0.792560793859203,0.8423752494296358,0.2897468087995432
21.452090304204987,51.481788971537796,5.416120895115558,518.3654633353207,11.41,23.913464587382666,0.1256876643856466,0.44300112667308345,0.044597652266608966
41.654403644373375,74.36973898686269,6.126833721127239,72.898451871655,100.0,11.43413646004085,0.6150943420441011,0.7958498926511385,0.7506202732303054
35.02787529358022,24.575631029506965,10.19545825250018,626.8329044150672,37.58,22.33774592615801,0.710359102809249,0.45916434998259004,0.029387315535669645
37.70181444490114,54.1299835571369,0.8502064824875311,253.19890701281022,100.0,5.99278018930618,0.7075892553506457,0.8833986229615882,0.7447965139108625
20.514612357395063,22.352952012829785,0.5200905633909958,803.6934518773024,39.18,25.9852009402318,0.8088591736764201,0.8678675051191015,0.06025869081579617
44.247746304049855,24.38572424187482,5.878658444158635,817.8220735661906,60.66,16.204271175532963,0.6832269942635952,0.3633093644448643,0.26000758413158703
40.81106602001054,83.45062173410876,10.457455382069707,978.9473558546619,100.0,20.917322858948545,0.8422480493181571,0.8087389363334426,0.8280368082499528
25.308477766956905,29.74717597823166,2.9015301443472383,501.8695310245037,15.48,10.530945495167092,0.36612527985671317,0.7780890993725195,0.0
24.545624180177516,57.2694477592652,9.622567218843775,454.95687972773715,17.37,21.9268428164612,0.5025675334012345,0.26854431786205024,0.0
24.585112746335845,48.77669218204946,3.897422069104492,753.4756054464806,35.52,24.306006897331915,0.11126373062631255,0.5994323206266158,0.10815323638032856
27.60605607398844,44.31403283811899,13.291291632202745,132.47065634192657,19.04,16.83032967210997,0.10556606984263298,0.1581458524718519,0.07386140342752794
33.11891079080595,82.98833419810907,13.435349163999248,546.9155137931242,88.53,20.443173101544858,0.29210129636121596,0.7693685764667694,0.5702852541599726
30.798625466052894,21.527637774284266,4.459308064219897,546.247600130851,26.23,16.408148095559966,0.18064575771126823,0.23963670680279725,0.008796773918004755
27.28072850495105,66.46527803229124,3.4499063094486075,89.47312281038722,47.4,27.352284231446138,0.3081690943486029,0.15665176110861162,0.13899467564638915
35.296322368059485,87.43761039494854,6.169559580993469,417.9840855069136,100.0,17.446729512857978,0.24163463562271792,0.420175276431049,0.7893071172626976
23.487346516301045,59.211772842328934,3.607973777702231,853.284798567202,47.43,26.045217725720473,0.1228160198709186,0.5615377108797148,0.14070006284252623
27.303616213380455,85.57757234231643,10.085757649375555,856.1536219946603,72.34,25.033801456756215,0.8274433171248395,0.7839335668478168,0.36952956064483394
29.159046082342293,23.658051550021664,12.390970268224283,99.237664919681,14.18,15.262620533708914,0.10657850511111322,0.8793940204173892,0.0
31.4017496054259,49.31553233519129,10.096381963668255,90.72088274783086,35.73,10.752112296436877,0.6888657154696683,0.45159401005589095,0.0009230589008735746
39.62939903482534,38.21104536734358,12.365256708740242,262.6954770019353,57.08,15.152053313994275,0.22171830953561322,0.1483575383882162,0.1652683650224442
24.991844553958995,71.15746754865108,5.954882433112112,874.7660625539935,55.68,25.655434394380503,0.8297836975996801,0.6992924632206965,0.17553033891308562
32.855860960340294,88.69079633480726,2.344754560632913,128.90258507349895,100.0,10.69081339548481,0.8142367516719087,0.55213860497915,0.7859767781004288
34.81036422155106,37.957104371097344,11.069264210963881,719.9968026274463,47.24,18.110908646443733,0.6231209170954058,0.4583130758755706,0.09244501489863312
21.161260317999943,65.79222210318521,5.407117577123309,101.16561961310322,9.28,25.152418699018686,0.6377873198404841,0.3474151030337518,0.0
35.18862129753596,33.86683429318181,10.069062378436987,623.1378537478254,45.22,13.83693687820947,0.10427131357575084,0.5019188222748285,0.03509007447977367
24.263103092182288,59.57311782001269,4.0596591297264855,356.0672991191448,30.19,21.055240925067434,0.8878972528908816,0.3709436835656248,0.11964315657975957
21.62628982463199,52.47527406818353,1.2184445221000901,788.913962965867,51.5,11.140789351220363,0.8022660828606515,0.7056094941978882,0.19680345494645013
43.722138431333335,88.0403730742076,14.88872693231645,233.6904488253636,100.0,7.731986134203998,0.8160849805840736,0.5351149571941128,0.8407524624861525
44.14080082686398,62.59690908875266,2.3430226189589893,639.2018293899598,100.0,24.859605627321407,0.6273956296406975,0.8014782193232896,0.907059326564496
40.20993370291153,44.46544604607732,14.826314909452215,235.68253457588494,60.0,7.474215585217671,0.37582954292362925,0.5348351317195537,0.16991411851055316
27.61534422933427,27.986704942155335,14.65919898849671,713.6602831121538,15.52,11.784534876989614,0.8149189192723847,0.2906099306719441,0.07323073416046619
22.441802850159597,30.58727801144542,11.907271558620595,873.6780345607488,6.87,26.377735549936002,0.3332135425209539,0.7808735057857156,0.0
37.10582566280392,35.772185096586455,9.891344431229964,126.80179912676005,49.96,13.66173217696668,0.5501692346737623,0.5457752359440352,0.1443246194982708
31.003812343490033,37.567666293820864,8.66710575376627,866.5956885955035,35.86,29.32613373785403,0.17978477787510594,0.26547283051484905,0.0565603173664992
23.05095587111947,79.54312404887965,12.99152318066752,593.5752544142979,21.77,29.493358369346492,0.8375645041062002,0.5988062479649777,0.0
32.37942275278176,59.28559517977674,4.341592824292319,127.11049086702397,69.22,11.706900511338917,0.21261636621697066,0.38617341195394206,0.34647308633802215
20.85971302788046,56.63736379620565,7.015218187273156,427.54185535971203,8.96,6.024455556247261,0.2799174445843258,0.7755244898336526,0.026228705937707972
42.73301005196955,28.033821030845225,9.290849540497529,160.86029348509788,58.12,22.626582105134478,0.546507326502572,0.4626397909172343,0.22307925507678567
26.469499540000424,80.20977853446044,6.167857138042367,700.3478888665695,69.22,16.274662566208594,0.7112744001703852,0.6811530864859334,0.3227429185540321
36.56305710884955,70.59700122459387,6.41229681135402,758.8681344179496,100.0,7.518821098989408,0.5954810447490392,0.17642896610898973,0.6740833666412736
27.792776902235275,24.73678533300011,4.954270012531266,105.79652027279896,11.96,22.68807047445107,0.28570713024012495,0.41681947704187694,0.0
33.00170052944527,69.5484568060838,8.46347725026804,506.13985269464433,81.64,5.77937272779803,0.10075443402199227,0.886593149177919,0.4443342672028709
33.667756983581995,58.04767521398522,12.75861792022674,814.6250560259172,61.1,26.754917262306055,0.7057204642459514,0.7467682315817187,0.1961784270616091
24.621361388138176,25.720774202274477,3.0229256700946925,936.1630415509965,23.63,8.466313227832593,0.888165860728875,0.22795264189354292,0.028951215833815803
44.239615694113965,52.08104490700595,14.016495581301621,513.51786674177,73.05,8.182796968668125,0.7479304962448724,0.3222112395818041,0.3542164279755705
39.37832058402786,53.92874009910329,10.336314806223445,950.279223611407,82.09,9.391807449214614,0.4681652945252923,0.3638526470850889,0.40977186900370166
43.48747353910473,31.6042178114293,12.349098190200452,535.6889704560298,60.0,29.006658962301664,0.8230138091192852,0.6202924483963566,0.27226602935769056
42.37068376069122,86.19887029001976,8.342860389450175,394.19049459990794,100.0,22.32923400634615,0.42787813849468004,0.7055958075917245,0.7693159323435558
34.94749947027713,79.49827600364634,11.692750521360953,848.2031285528955,97.27,25.03428838659092,0.519947267394774,0.6996212870463279,0.7447204133380758
43.04685587557792,66.83156361303759,0.24300596009200814,492.98271045808906,100.0,14.940874643318825,0.4817038139165466,0.5078992450451223,0.7598821458510288
22.212312551297988,52.360689270042506,12.275706371693028,471.902510564523,9.1,13.407818187623889,0.45809909813242,0.748656430270521,0.03585198784440823
24.89957156047863,48.82358791091559,0.6020828862804978,490.3124894098283,52.75,10.862100169579248,0.7201526154351247,0.44966246620598005,0.057400997333247036
21.13068222276345,65.5681427005668,13.348700645442937,846.7850018697453,12.25,17.016200707810224,0.5214151258155936,0.19910445223644954,0.02989058627144121
28.133258269081608,58.180230858483384,14.87944120857965,831.9415416880521,31.42,18.795718338354213,0.3533736976201729,0.5515534733230506,0.01495379388096884
29.71693224223705,24.359117411731994,4.411011932651667,403.5199924402112,22.19,20.794371091318887,0.30652653412678266,0.8618411076808854,0.009237692928956744
26.783725794347397,55.87518541392322,3.154778344286905,333.29985987052504,41.96,11.427962599967362,0.13019785357394673,0.7343949211140091,0.013527963883904995
40.718437728798236,76.44825320629877,11.48045045787061,491.9280240391293,100.0,28.716352022574767,0.5665561295064369,0.5629605181537939,0.8182889819568643
28.918833167339734,52.146791431787065,3.7953951138037985,572.772509737109,55.1,9.243962455178396,0.2839691323208274,0.6174445282792775,0.20534656504290658
27.023362742184517,23.636960428798787,12.983435747583052,238.33721062799697,9.55,29.141329369160307,0.21850713761310647,0.8444496216284582,0.004049322577071225
33.56740207895621,75.03947395688232,1.5426388823621506,793.9550847155906,98.23,5.371403062687595,0.6230639710621422,0.44267423554796836,0.6461552048610684
23.523105624369066,34.09546474951821,1.8893279456903738,486.4827657324229,16.97,17.02814229542114,0.644967406257239,0.3651153111541099,0.003251383624755924
40.054924518850996,38.10345844216272,14.687273326509233,334.0455484199596,57.86,13.334195952914069,0.7017239138061327,0.8817932520003592,0.23491016764970873
21.863766091994272,31.529444740260715,10.10758347405007,106.82099296399062,0.0,16.228085348256272,0.5028615170708732,0.7907545068082668,0.02202472480816689
44.672173415012935,43.115054541004824,12.703308366434293,238.84516040360694,61.76,19.266614474519727,0.8152436841631093,0.358434867694882,0.23740130195301795
39.306119232416435,72.97260539820445,4.8649406602727705,949.2811717559837,100.0,15.889728950317727,0.8490742027185822,0.47102447788873825,0.8585942839713829
24.96789203835431,56.35701016527561,10.147256242809066,305.0996868195266,16.49,15.371171257539874,0.7458967518339915,0.4320625032062393,0.05712678610097756
20.13805292809006,34.34168919054988,8.913627409628958,168.8592893670353,0.0,23.318085385332665,0.6084747856065498,0.21927654293714716,0.02066860145651979
40.386535711370854,81.44810547064286,9.047251801844205,460.6727916549932,100.0,22.146906877161616,0.342976762872951,0.8662554590506073,0.8317614682817813
37.671433596190425,81.57072984660704,10.237986893065823,307.0877433602487,100.0,25.831782050896198,0.886355937296177,0.423449944975807,0.9015488174360826
38.22517920102469,80.94048975322048,8.630387596936478,35.15925027119415,100.0,11.24897453098739,0.3193089337535507,0.8002632661103264,0.7586423646095567
39.281758667148644,36.71573479670775,6.435935539539989,323.14521727941724,59.47,20.23821274385159,0.26212553759234486,0.2514849821445321,0.2472190072340082
21.85111629335226,51.58675409266917,4.138840415708202,544.1086239394685,18.58,19.629869634821347,0.45372329102926623,0.5382966485097759,0.05657984342175833
28.961643213606813,88.94927592986126,11.52871996369803,551.7123720199669,77.59,14.243445271817219,0.14547245656991079,0.11916910809941586,0.28563792868294713
22.896726488128245,74.04087334169932,3.394086450047793,356.5589211768887,41.17,17.151438547567025,0.8827955717374326,0.7113763870738469,0.03852145906204103
41.57758564688984,21.901719485789187,10.385314592316213,447.3027562526006,53.97,12.844553582643218,0.5707468451331399,0.5647311185970227,0.1266990711421113
35.58245317068895,24.564321388234443,3.4999923397398995,965.5179182347664,55.43,8.54610994042463,0.5455616733313402,0.6004716667758021,0.21553844104694647
28.27245062131623,52.475196376863295,9.379952549316808,377.34847723031163,28.12,10.34503026656832,0.6246370239197759,0.14137670604372277,0.0
21.588958757150593,83.64541441030921,11.206174006935434,258.226813259983,16.5,7.637841160030027,0.4976189182217653,0.26883066416689233,0.02710180521911098
27.774558042891556,57.709125856689994,3.280708333598088,243.4670440667601,45.6,22.076739379753104,0.12565081367563327,0.15946469788286413,0.11500555269882418
28.12958305066868,54.846875562400314,0.8991495129196242,457.76461270413415,69.14,21.51818482772879,0.5898490310723175,0.33113145264304944,0.3688092570779135
38.2401544584516,27.38315899696414,1.964606144912611,759.520148716944,68.95,28.76515928949682,0.6729391015651445,0.6019512061457208,0.35759255318868816
35.93893678388033,65.9746073307006,9.089954509065382,205.9881841884732,83.84,23.24196034118103,0.4333992484992425,0.5529487874539002,0.44959951777362156
42.18031856440817,77.54722124201578,12.741696093386032,709.296127140768,100.0,6.3011459689032865,0.7058364576569544,0.5897198572907122,0.6883733390024325
31.805373129048732,46.62940052552936,0.6749523185313655,21.149823349416287,49.6,27.106129348223856,0.2816010394707365,0.5394010171023155,0.0801785189026599
22.98985614845754,74.29282956477292,11.012268885624694,418.93297798394605,18.67,26.566879073643143,0.2770212728529472,0.3184230365406875,0.0
37.83111968057487,87.51336577305682,5.119779689250782,775.8650652027868,100.0,16.083008019317468,0.22913359015005919,0.2956059978755402,0.67678591329476
39.019626215422434,34.26365213893824,7.177925548792838,338.7329557744314,54.44,19.64657626319804,0.39759580783132953,0.209647746829265,0.09962380758188974
34.03192993923741,56.63307418363189,13.932893247683484,563.7371014453995,54.9,29.401958311812972,0.7776096283112669,0.7792566999227937,0.28112019293291296
39.27417949886403,40.09965706592028,4.979572571037682,204.9792328259108,66.93,18.307609096204157,0.7623296497192514,0.5931834868329956,0.2362215924598064
32.34488990910977,75.49980933236876,6.9800540090922905,741.9953911261723,94.0,27.633045709402243,0.40625936637080307,0.24920881000324782,0.7376935463245557
33.06832073454985,60.43153561168103,0.20523622141021658,52.27910326875962,86.56,7.075968945254661,0.5712949887841893,0.24176750385699164,0.5257083087575805
30.68852545896374,64.42076922852127,1.2239808000725754,852.5426448755004,88.22,9.77629671771707,0.6766530531799325,0.7984284812209094,0.6198013101337665
20.63547816860238,75.85399117311258,3.8788738670217606,198.19638642166814,23.55,16.018873586032946,0.2929654197024184,0.6941846910106555,0.0
22.69728567483261,47.71793308637184,0.41778361231611605,874.3980317083308,67.61,19.61892020843262,0.23451286871579768,0.6275192639242971,0.302813645296955
20.785729642168356,84.05630478849302,9.470629890723764,352.5292413005173,19.35,25.405696296570007,0.8776767945698488,0.4254912860314398,0.0
35.91026028159451,57.3120207072298,6.395975352024338,722.6835744744866,85.93,29.70655287857967,0.5940458505676948,0.30958045142281404,0.616121077567327
27.858899526908168,31.05683759847436,8.22217804092033,319.2252977861885,16.83,14.721287411852911,0.8851325774669311,0.883560610490259,0.006334098364598599
32.71426727911757,68.71293827181617,2.619707788444943,905.9116712346475,93.64,6.185390903502123,0.3702047897057833,0.7377916600182401,0.579795234487769
42.689161848152324,75.52829453067781,4.4389804415492415,126.63712551837436,100.0,25.02928758238312,0.6624253599793052,0.34142337850902116,0.756251985656323
26.232305728721872,42.173317394726865,9.957367122790878,178.5197892725987,14.42,20.109517977070205,0.27808290923299017,0.7780518370227958,0.0
30.259573075890742,80.0025479899127,14.479540854455998,493.03012515880226,66.07,9.963571471705041,0.3089601370191304,0.7071455588917452,0.2031332180887349
38.888778463576216,83.43002783360365,0.756251604033138,81.93843903814613,100.0,17.370711415535503,0.5095216970156992,0.3376644399023987,0.7985225730885968
25.71995413729056,39.38331411644663,13.35576481282899,195.9801847017619,11.34,23.55775613834311,0.355694500406457,0.44124228339331173,0.0
21.924497745719826,88.84650309006554,8.653218019668127,943.7663822120144,46.89,24.260294676716093,0.2340972510724676,0.24876275631282133,0.10206703718760697
27.2437863228442,29.849806963413087,8.458793501334355,976.4896611478872,22.07,17.49046029996905,0.3103045615914608,0.1888419555024875,0.04860048171018429
24.03053218135011,34.141096788174295,7.504178028116405,376.25932933042196,8.91,12.630363253221478,0.12859871557269173,0.6782096262717574,0.09195461587432048
43.242441308564324,32.89573874666183,1.040911288562751,923.2860210139356,100.0,29.343564550962338,0.6635388971819893,0.3140094858830933,0.9085062538801266
40.20300948911043,82.57927970055093,1.3481527760424101,544.8246756734318,100.0,21.584065273912323,0.4936933256686893,0.7560474925970029,0.7827381410417933
35.835093912760584,65.80047866274734,9.01368008488629,269.74246587376706,84.44,15.205937983657467,0.1753944531236205,0.8964869692115409,0.4022316890762867
41.786514754692945,30.647299825559102,5.114378571533375,702.3987210805986,66.49,12.011580605116311,0.23735519450279297,0.16129585114371894,0.34864793240994385
40.09180192247786,50.82263928578443,13.75902099866521,658.9018065748572,67.01,23.277574575089055,0.18202763049011522,0.47842810006696024,0.39069579488624306
24.664251472150895,63.07086175488614,6.098858060392084,989.1253191087334,47.69,11.054586139844194,0.5900742466207012,0.7416500474486425,0.13090241998846208
42.313974962249446,25.84248594925683,2.149221880539616,265.0472874092833,61.35,9.292749724342205,0.17536829088999506,0.7311607172329868,0.14222988595850955
33.48355604789127,81.76914578851371,10.72078250253054,672.0595026617355,96.63,18.245847224051758,0.7034258664281728,0.7079977266647748,0.813068444277021
40.18600387910156,76.25224748090747,4.400301321615148,52.023755029446896,100.0,12.249684816103546,0.11640873545631295,0.3791959482415288,0.650606083694736
42.40228249808733,55.36447415036468,7.882054610338398,113.64603869671942,84.83,20.722628623090376,0.2995006303967137,0.46308260454804184,0.4931232137749344
27.950086874296595,87.69886306814193,10.46749178257755,3.918374951093262,61.21,7.948466871855837,0.8125333407135258,0.5759746858731762,0.2678706204750105
22.75129811319192,49.24326854925698,13.503961668031057,999.4606810596731,12.72,21.37352761418304,0.6748250544977968,0.8791524668586058,0.02177136145337298
25.698379063548543,88.88772233255484,11.882867922025142,802.2736971474777,55.58,12.082413199942556,0.1583746663405502,0.3620378167507944,0.09238827995271057
30.677694715656408,66.7543999162539,10.145416018090861,786.7230147335408,67.02,5.0060733608628185,0.7569008835881438,0.8385151101734862,0.26789102913314045
40.45036914806233,64.4269891277759,10.194497735927154,509.7260752881797,92.03,8.17340144185441,0.49442809723216385,0.3154855345443953,0.582288695935083
41.51826458140859,31.616842670704948,14.188869660481298,300.0670829054399,57.67,28.34038444587735,0.7774264217350634,0.8912595723789637,0.2627323925456087
20.17380326327977,81.73494308132507,4.437361462448041,151.26428446267593,22.95,26.683865977883947,0.5805918195603147,0.6362109494620733,0.03481101826121673
32.768682564439146,49.92427815444306,0.016681412942811114,284.67473884646364,88.65,10.840225800905921,0.645466425626287,0.4708091842868408,0.5940122394432512
30.435275078719474,31.356338404773552,4.07931839097298,375.9712219291391,27.53,24.45929761363728,0.8948012483165665,0.5907123424508839,0.017142707152283252
25.552695261768257,20.88252639830313,3.2683706944011597,756.310096980294,17.5,20.214289829349354,0.2858684367392146,0.31802493523216546,0.018226154271761698
22.99663418334207,59.18289785468678,9.927518776709972,539.6617889031525,14.65,29.272617786246737,0.5991564598091107,0.31933908600917327,0.0
28.4403792850907,56.91797354858734,9.505673996482935,77.48362655548269,27.82,14.340141488351478,0.4682571120459187,0.19084363507479507,0.0058668880375160395
43.572742597812976,70.3547535658411,8.901920740570857,18.02900895891224,100.0,22.036515312929282,0.13156156233815317,0.191240238164319,0.7335255175903482
28.080073300518883,82.31806371124614,0.2436516481418055,102.33217953406314,81.09,6.588393060597965,0.11157651320229203,0.37813739317512907,0.34605032055351004
32.96976554358415,25.558460925012067,10.931670816759713,410.49871369737934,29.22,14.90618367041015,0.19538286225428694,0.7102843823170973,0.010621499768729063
37.57547397237944,71.20475432382537,4.8529561872823725,933.1929170490183,100.0,29.095441529704512,0.6192733924308385,0.58637693407853,0.8227445115856944
29.09074005948235,33.118836086830754,9.975839835099466,637.4024812092216,23.87,18.474521861253013,0.5537304703307138,0.18206764826481667,0.07058806344037086
44.29455206802402,80.07239372100148,8.3486764275323,801.8258998755151,100.0,12.196987583371115,0.5427436489309819,0.7817892199807288,0.8074163445695927
44.06118237355278,77.33444597031593,5.140963881418608,466.37459450454855,100.0,8.006774078215171,0.12548541002260807,0.5810941015920531,0.7006361504881212
26.294557395634104,57.85556284898811,2.0186440065616162,361.6660831950428,47.85,22.58820850453826,0.4754423970880056,0.8686844614278239,0.04866326381833158
32.431212647309636,69.71699590363181,1.4162834649072142,108.40037271662273,92.31,21.12140108574317,0.8396982542740229,0.6361483739289661,0.697844715613981
27.521957745419243,42.00450792286239,12.472774996683354,875.933022186205,23.54,14.348467840094365,0.41807349544851735,0.24013989096334482,0.004663345817428227
27.12101235943669,52.98175292529702,13.77596313122337,783.1600290279029,25.5,28.773533796645857,0.5999379758307651,0.47902668984625785,0.014002478778869
20.92217368386332,77.51458283973301,9.746820701464493,168.11809759772513,10.55,5.555070324696258,0.7238549404985148,0.6187980780377633,0.0
35.23910834949742,52.148563802124976,1.5515117229072506,512.2605638762606,91.72,12.593096290795646,0.7271402233135101,0.12261176083998215,0.5558657950273714
32.56697558072154,45.04587857278092,6.0304082533236105,487.3748079212449,52.06,28.026737157489535,0.5154240659162171,0.11192821132384632,0.19519748325891778
21.286968781249733,54.59487130752099,10.934088001577358,625.0915526865286,9.39,13.02338595798601,0.7863615563218691,0.20352240047885434,0.0
26.966161605915286,77.97744767060529,11.697313260151022,946.1868939912612,55.93,11.30632084637926,0.4131024746909976,0.30133154803637663,0.2485410612440732
42.70664714916634,43.46456331596109,1.773279334366329,579.7714417624796,99.0,18.355510248281185,0.8109545718278387,0.4436392988165404,0.8146389526700009
25.989047266674312,32.16331151950207,0.00046078268073623807,540.2172667786186,62.55,25.59504374801345,0.29218173311643625,0.48995237900783073,0.24170322576972927
23.622371802280576,69.84098142315466,10.682055688209076,50.322932934663946,14.64,7.578669021959026,0.3241731255924568,0.21042208715031743,0.05051402254854635
32.23631900693908,77.81847488956572,5.348942639793084,62.907476018023935,90.54,28.575517741143404,0.1424964993592009,0.6387132632926646,0.5574121043002382
44.641261352765014,27.044623496647333,3.817219974273904,187.3467913267889,61.26,24.8768220295291,0.7364654692338263,0.5769104493572279,0.2202070351153386
26.05138178778751,36.79118789291613,0.1934620468428816,32.47077169174828,12.03,9.531256388788798,0.4336441889861645,0.33557127907292816,0.0
36.80338868514696,29.938039283269575,8.104491101422495,743.3528955700124,49.93,22.800199029954065,0.2832932911291193,0.1109279067482336,0.1935504963564485
39.04049038321794,44.35589881075167,12.767261031389726,723.3303039939632,59.44,14.623968065938929,0.28543222209326374,0.16211833228263262,0.1787150017054283
25.940938599809993,51.52456852337889,14.364474694088818,136.05623443164293,16.04,15.057366951907968,0.8211199529833866,0.4133558204086716,0.030597174347484716
38.205408715296485,72.41784358743146,8.486174259199338,836.0789007952809,100.0,24.58225231097166,0.7671332803688296,0.22317948093254714,0.7829496464715445
29.194578317981332,65.5803309417172,7.716919916098412,154.786034846112,49.31,29.069620199518305,0.5428247082857467,0.4014556849183767,0.16698578047544144
35.807645764839485,63.46499972349018,1.2758457823386165,301.1755869973588,99.56,8.166396821179848,0.5928886403325769,0.6025460836082841,0.8095751131863735
35.838242769022365,44.66624626267581,8.233092023138996,248.976899161365,55.24,15.515755921970484,0.47946045644023283,0.5377899423034268,0.22123951196184682
33.394367101868966,78.9013287159332,5.699686184480919,372.30709857304777,99.3,17.02354020210759,0.41333323430304714,0.28494070650991543,0.7016554214154138
22.257244251360206,52.99010171787152,9.107029213253654,254.66376588996187,8.43,14.40779542387494,0.8323815049746652,0.37505799300700193,0.03537809709483283
40.88256238973095,88.53734566106081,5.830895218148201,488.9509264384521,100.0,14.079728092905626,0.20049016281624166,0.5912249587589206,0.741497969919339
28.019501624293397,64.38994968070158,3.6044868517555013,407.4078813546854,61.24,6.306716689039913,0.43475743177298243,0.788684022434759,0.23827165554300178
24.662962759996354,28.83853190951519,1.4244791284256475,986.5694907793265,46.26,22.138465514065583,0.37564952639030025,0.7025707509911018,0.1733951081446434
21.0193785388691,67.33242934528039,4.723776668833436,55.926350128225664,10.27,15.905360428001135,0.4985205762009187,0.5427200214667319,0.057800250777929725
34.77232357970605,42.75728108021893,1.4496725143162843,142.18137638735163,64.09,9.869845066098168,0.4661054996361401,0.38983439865318903,0.22191478404167012
36.939109046057055,68.04290376802682,2.653454262359759,52.82589390860248,100.0,25.40083755755171,0.5151116253208652,0.3920410220334444,0.8375057672273796
20.414695723196402,24.874880371368402,14.81004237869319,625.8411949823758,0.0,25.064018703790698,0.2119351817815953,0.8035338482115169,0.0
32.802326457482025,32.24170060231716,6.661553353599279,54.50927741371958,29.93,17.159790702222345,0.5105132012106217,0.13139486083243712,0.0
25.66239437994845,79.90160812340504,7.978076497575248,836.4397373761233,59.92,12.461266528694013,0.2939350511097687,0.8903861155362088,0.19795025494623825
36.12931976023624,35.90256899164604,13.104277931058231,511.9386306819278,48.34,20.95231814491131,0.24746507919055302,0.6315003286812498,0.12153417815985865
24.359160725124788,78.5928787670058,14.933533507360316,527.0076245815337,22.2,12.203803394435077,0.15186737502895298,0.6449101592579124,0.0
37.27344345256165,39.54932619180873,8.740716740170223,561.5945077121942,55.02,10.9001982580928,0.7101220470049128,0.13039826984379374,0.19991586157510247
29.668383657513434,65.00173370410954,12.187107315662574,170.81370630621075,40.51,23.262866350658165,0.44195353668524795,0.5844234199130177,0.0
43.418249718418366,68.59054014568818,4.904115365050129,197.69030311448753,100.0,6.008130993023768,0.6013149466494067,0.48782244807235764,0.8391656628027392
23.43802360364983,55.88583272015371,4.586159361709367,318.8173228730047,19.51,7.369211775864849,0.6820746746437947,0.18462312551525362,0.08651216196971523
28.52665877625646,41.37174736877119,6.040555814918403,593.4964158218514,29.29,5.169704350589744,0.6434533322508428,0.32233760861548727,0.018490992138248896
22.83683803101473,34.88510634597673,10.087608940104737,210.11777594021453,3.89,8.823579661885654,0.47640057527174584,0.812251564970921,0.0006957899960674235
43.11734045696407,22.323254819369836,10.232875338826481,116.33172713326123,56.2,6.724750217761486,0.4103188231613839,0.5399907326927623,0.1779043963241898
41.93348383452452,41.27624808685067,4.728591519741762,970.1168864184322,88.73,29.895059194497964,0.400767927712531,0.43073326013912705,0.5816484672388916
26.44854069287889,65.72139533718982,1.9981488620494303,21.98181480962291,41.54,12.22024924885224,0.6120390375440451,0.15814572467264876,0.0871478835112995
36.499601150854474,85.68133729139379,9.485943846982629,802.6974053360216,100.0,8.731700316731182,0.49583548395349875,0.6712972219218445,0.726081242441093
40.4305550050304,80.98431375841363,1.9248879328314676,788.035149575022,100.0,11.024906449897948,0.7793057983908085,0.6622806587168261,0.7850237090372498
33.88002028998656,73.62453435747119,8.677387623439952,297.214113845096,88.4,28.403139288503365,0.7997615874613697,0.5912348855780508,0.6688677256529704
33.24126445890016,75.19131402773091,10.401331920844635,135.6266160073134,81.09,18.00400557560989,0.23644830240521478,0.5082101169765194,0.3676013939996218
26.046307272511292,66.54894324331967,10.509172445916775,145.62864670542342,22.54,14.120452407696423,0.20898692123658053,0.4470275217658982,0.018682802748941112
22.32756919514748,38.220080029620206,11.30208165989395,697.4316172371925,7.71,26.834786447730483,0.6043207408287996,0.5746168743903939,0.009584851310448294
42.43039394883317,83.50365214940808,13.092891323484968,642.8065910861736,100.0,14.874756763725811,0.34098059844982354,0.2867163613827254,0.6997620701341836
42.51045142908326,66.95126183340838,7.499384879471826,782.7456742513867,100.0,13.375214248942395,0.11485657501207909,0.8530072513421182,0.7235561311742711
35.827536431831696,59.230844168630796,10.953737842943568,937.4811723991047,77.89,10.182063063743389,0.8109141354903641,0.5710356233441837,0.4719451958128468
28.475744776217518,27.769262844943675,9.287591030487551,691.927363266592,20.67,14.444920597735287,0.2815206137950466,0.3489539554835013,0.0
28.73023936531652,51.29388806644978,2.7995990969652382,155.85153655144347,40.15,12.91710890042315,0.8434245213486473,0.4597438807081259,0.0912011410300112
38.14889197175599,52.22507898413484,0.3853446730411225,243.4426167654107,100.0,21.932598982453527,0.6739475607026029,0.7445478311015139,0.923856512016585
42.42775649881443,80.5194526665869,4.268120785154006,842.1937308731145,100.0,12.239567616768177,0.7101227919291875,0.22929284858423796,0.7185406565211193
42.177160606627936,58.26537541314519,6.645505595064291,209.30607583420857,92.63,19.429993660564037,0.2611691966345283,0.33426849796820834,0.6043544747886358
39.496888646440595,46.62803842792867,9.256589166429844,72.52231695448141,65.45,6.647304125799318,0.28735554049345036,0.6436064181892444,0.23221147499853093
36.05079115385719,88.37602299574615,12.74938995754808,703.2800540422504,100.0,9.782228917412858,0.5170142030592526,0.3523913651857792,0.7574941843643538
22.103499124876222,27.750441532842096,2.9436857505924845,402.52635549014207,6.31,15.18513179028372,0.23767988211988975,0.7340013454891728,0.0
24.040717852365344,49.578389981836125,1.8832468484771563,920.0400525459036,56.69,28.423731347717386,0.34434535414642586,0.20436278974188868,0.250921619599402
42.463854713176985,22.94172726199837,14.452199212114913,650.2550710936615,55.53,14.431299642892386,0.3571699823582436,0.7101489363636868,0.16860749783535575
35.16072649148975,71.79328845368512,1.6206683906461068,90.41897779166075,100.0,21.60185302999585,0.22770394660221127,0.154681371880453,0.6583971651333045
20.22992629041574,84.26535865394054,7.177366051607837,947.8565672536607,39.71,11.377180560534953,0.2641462667161286,0.11007409013399583,0.09676779719816672
22.536788571650803,39.60261306853426,8.783455931899528,258.5572636402459,5.42,8.175839399330794,0.7308414736066052,0.8185788150657297,0.0
36.5875442277014,80.08391737593846,8.120616313611574,337.2124904062858,100.0,6.463415002001254,0.2337566836378147,0.5650713735458389,0.6939386868791813
20.126539596155467,40.45527613233284,1.290482355494148,402.260413683542,11.92,12.635337463568785,0.12276591347513799,0.38146151766944925,0.0
24.020201285437466,83.75391131507406,0.8554037100542905,51.22429640431325,52.18,8.941525669922699,0.6034839541031507,0.2860757095710803,0.13656817676244654
33.71834473416465,72.77733325177488,1.582251411915535,496.5154222306048,97.75,9.350261200403105,0.88078649551396,0.5935086266086529,0.7171692615425166
37.297379942317335,76.34347437890071,8.783815258089188,123.31849107529224,98.17,24.01898270967375,0.3649710516984971,0.5072017468293906,0.7020985969024898
36.29903148756502,21.260458892031814,8.165173314514817,400.97032668835175,37.99,5.395951773621856,0.19492456255700186,0.8932782204239882,0.03453600196992092
25.606732736513994,87.39672499518181,3.5061118805511637,350.7097879920843,70.87,18.945253143385862,0.5563098602940246,0.8865727893229967,0.327640128113882
37.8044805336884,70.86696944492263,9.566612127683873,772.8400834265034,99.2,14.48653451483662,0.825083368876517,0.6080196529132877,0.7930094683959068
25.931227187420003,41.33257667702934,12.30101253083474,803.1705116327312,17.63,17.66374999771368,0.727249423862783,0.45429640488471246,0.0
28.134992453981695,78.05762654011929,0.6236843976989065,153.41288238908803,80.32,19.070755930365074,0.5980126947301728,0.4929127753077297,0.47302123008964375
38.662285127950604,39.706483889045096,7.471949153220637,366.55118737922623,60.24,12.834192361431954,0.3520451972860795,0.6459832529894896,0.27539954617433055
36.24082247618037,81.09276876962895,10.339656181540354,373.3531610318317,100.0,12.377721504607132,0.533504138620976,0.1812596353883051,0.703779134312831
41.23058526235445,27.88062732883559,3.7846789060453063,151.41044393608504,55.63,23.335046233372644,0.1729958730434043,0.3626816590485745,0.2103138550447378
36.44032230750858,69.2580184222557,4.616563579397236,798.4535050511905,100.0,26.781924703028928,0.643156339424536,0.1602177928028831,0.8537804072516622
34.20771508338679,57.848893365143724,9.204568544840757,707.2283283354233,71.32,9.814540811463196,0.6800768151181207,0.15868860761353565,0.35875879298396957
22.341869195702312,26.757412913680856,13.469029401656053,190.38178629703472,0.0,7.440469013378724,0.8720252983279351,0.25667139351538704,0.09350693464106527
29.19289507648584,36.932567978118726,12.14886630454349,366.72190859379907,22.67,27.444895159800648,0.30831788699605733,0.48820260367458157,0.0
26.630059192043134,20.868282539412036,8.746953286493753,105.80502485651422,6.94,13.747386591184966,0.11476513523441811,0.7278194569302315,0.0
26.09974108447709,52.81375758251541,10.953325766358738,628.2065970930439,21.81,18.782934766570353,0.5364867715417205,0.48839671293269804,0.05647741801296863
44.325263868811135,41.08856825320002,5.472337053116981,121.37192454861967,74.64,13.988578613000087,0.6654324035174516,0.3683812884486958,0.3955951362081689
29.82744311666901,61.885023900843116,9.614482921481367,985.9341686249178,61.85,8.145058408651282,0.7323259807063904,0.16588239226940651,0.24607857467153782
42.30116387942783,40.80664653960321,6.992723866913354,780.6820746878624,77.56,19.7332911236932,0.2549911464198485,0.5402364185465037,0.49224285573790344
35.778465649931576,40.994337805488925,2.8490420468634134,390.23854958399505,67.91,18.12852129424074,0.30940229522961893,0.3170148691865414,0.2722315919604893
39.870282588541215,72.02352391121224,10.526074108158857,578.5639322793544,100.0,10.07483897977993,0.5100727402138371,0.5919473423337179,0.7537764335629754
32.5659273276298,23.369998518484742,8.34696956023233,911.3418162164088,33.55,16.296726116306946,0.36448064797600155,0.8817501913059347,0.0028504236851860446
34.422597115658974,83.2026496634391,5.379323729303871,554.0992803958261,100.0,24.923687600391148,0.7884091892699561,0.18905145718204014,0.9195430705025383
32.3129423454716,79.6584712073827,13.670087851179462,174.4984863979552,74.99,19.760652577697286,0.4790081229909763,0.269700318977552,0.34550498966758025
24.881074694951113,66.74632782584845,0.314011767400999,378.7033555811593,66.65,7.422933176674871,0.7396629152816024,0.4784756304794998,0.25013183992553245
38.06130288153763,61.5255099075169,4.7365972687424405,843.1448650297453,100.0,18.700537430728374,0.564495808385883,0.8748910522767436,0.823240784087171
27.019309061021396,82.46117486977565,0.8532209666646984,644.2130159896179,84.02,22.568457482239673,0.7184721132936897,0.7174478210159965,0.5280241279710263
20.607899160786346,32.97311256701001,11.497909743324408,650.7243843338003,2.2,24.817585144518784,0.3661383892242591,0.8185833545302641,0.0
36.13680739767919,25.527841353358003,10.531611811706888,866.8214856884891,44.1,20.72793946585667,0.765133297544249,0.3669718787806343,0.07816874500693591
24.427766985176223,36.76571189366767,4.970283281044756,893.9730574625047,21.19,8.816454113519594,0.31965785244081724,0.8936307790228757,0.0
43.51146460882286,75.62047950901332,10.134943533106096,919.7925717794363,100.0,22.754331664754016,0.5368790464026326,0.18226625285132592,0.7203014433066254
43.84821442506468,22.426918670853834,5.9390583929392475,94.8491932531561,57.29,21.93354615203791,0.2712056905390994,0.14237832483688068,0.2733986668289216
42.871609755511216,60.79647845584427,11.343806871336515,544.1260019631009,89.46,5.610672073515831,0.48042121730095466,0.7844821016432225,0.5871977529416237
29.25396750638611,89.6806261333917,6.812754941050591,740.5095212183186,90.41,15.293691689756079,0.3545401676069625,0.841811896165589,0.6536193672332467
20.386415413221684,79.89872656862775,6.184195917474983,756.9268451270138,35.66,13.323756174059332,0.3133627445097714,0.1724682860368814,0.10910791891335342
43.20796406469313,56.50119823305126,14.020948732324515,606.7162019700039,78.22,21.735301606341086,0.8735880144224301,0.19074194139667322,0.5270665835420583
30.704603707932858,24.454863650064965,3.7631864983605032,166.78733518367417,21.16,10.403395307773017,0.2280592843893845,0.12653932620461905,0.0
44.16637047609174,78.1961460069997,1.8067100999484813,797.4205539416644,100.0,19.77179807435646,0.7298606699659163,0.1836060501141793,0.7073378394100637
44.09049942723132,61.928495572404735,8.768146698891872,720.1113335149457,100.0,27.830149045354307,0.887331967586572,0.2675358534402247,0.8185783170783139
41.325236386684,28.04530979416968,14.539827184262684,86.13577154903629,55.85,24.945059305215192,0.11592118699206228,0.8760612951280008,0.16651965545526476
27.36122230173964,26.570009937634936,5.6675882059077995,463.8098246743763,16.88,28.03644340541326,0.659221931233676,0.6342881777917444,0.0
29.62744321504813,83.67387736056148,0.9305514544317228,173.9773995218036,90.02,29.46264917331725,0.30232944444502974,0.7228424204148337,0.6313312339552422
41.27841678792142,66.8440184056655,5.089579009643511,337.47704571297186,100.0,5.2667531751540695,0.13239025946264357,0.7209115229532177,0.6740724008533424
27.923050128906944,78.05007595217289,7.588974814793376,18.081092205685433,54.62,20.56853190943694,0.42231166316530466,0.5280589998233717,0.17367240136212075
24.237318667152312,81.52852301975872,2.4288450994832056,400.32986841075825,62.28,15.320984943972661,0.8481742481367001,0.7379911821704138,0.2210069127207151
33.92003156145876,60.02406464338256,9.871533270847381,549.8769211562104,69.4,26.496362258378042,0.10941207549359816,0.5766460259119758,0.20400566263663023
43.40386935401952,56.221244622852886,14.966240835153009,619.5825928270868,75.94,11.295367550228292,0.5703085535438254,0.35163687808268607,0.30897105443487916
37.400744916874324,50.12991872246931,6.776092139721658,663.49034512871,78.65,29.525737227876903,0.5011171828762595,0.5488880870147206,0.4412187665019182
34.25152925223412,42.18626114537835,5.3209283509531895,836.29131310246,64.53,20.34269923859368,0.798707331496838,0.5268068689076107,0.26677309026492546
22.429412344269213,50.42171726010982,6.010562502517,215.46290727573003,8.54,24.838435055720772,0.16720137161650053,0.7587624430074565,0.0
35.37518066747924,74.17157590111094,1.7271926759280172,120.48182243846794,100.0,7.139988820569208,0.6452208239093202,0.8853817739053272,0.7526499918178374
44.75134625260658,62.13464017105921,13.249104021393357,851.5371718979256,93.21,9.586447118971627,0.6440877587466218,0.42883405233674443,0.5514500525923388
23.5021003809131,82.47663029683923,6.222384832820279,156.61281489264988,36.84,23.96009182585508,0.6352640134898266,0.7107125427530877,0.06468643164115623
32.95824130909342,51.03660100654314,5.80911617137262,974.7600813361953,72.34,5.54966305098309,0.8538675959480296,0.17981040323050684,0.25436860717175686
41.93432679819888,62.49627051031278,9.895354093957115,842.538229398637,97.33,25.42194964734457,0.7584700232055044,0.7214650955586309,0.7907053608810275
38.51921544385511,64.19152871643921,6.630501313966853,500.87660588959915,97.49,5.348725467297786,0.1335781809948048,0.3971335295945857,0.5119465888914351
37.4253935248817,61.41880136144279,9.723502032117691,981.4214249220253,89.62,21.42797097653183,0.4768662805636106,0.13151213031174935,0.5505038847826551
37.56210209967773,69.18436411598614,0.9216943519618126,97.37672910800421,100.0,14.127348005795147,0.4183624449610668,0.3905969428497418,0.6722038397126356
28.98727878049388,36.620342786236435,12.205850155833412,303.06576117510167,21.35,20.28737131797998,0.34811777687264167,0.5885142007373159,0.061677747451374984
27.339796106612333,55.86546442820534,14.107559293191038,638.2244150406115,26.44,22.400785174727844,0.4610693801232778,0.19540013414517327,0.0471734446858949
40.23402888696284,27.295736196584336,9.731480792390789,350.00686847317877,53.92,13.561880479657605,0.407355347940782,0.8392275939442037,0.1624734469733285
40.25283486697952,46.91579293513688,14.318488932882161,928.3725519807919,63.73,7.6990612027708885,0.44586711990293226,0.16213793061827086,0.16845569011960476
41.67680796450259,54.13669480348851,2.2714847155494495,65.62608817781756,95.09,6.741146693706641,0.883409492486914,0.844005375866533,0.7279863008443013
42.83101381391178,65.65569816818308,7.161242842205305,549.4118320609646,100.0,19.723400564063695,0.1709063797996646,0.6657100143485492,0.7915168406834219
32.783559971523445,86.53717368103425,9.02710100918171,590.8662673951145,100.0,18.016383843352788,0.8377846958709839,0.3637697403313629,0.8074768116627854
32.53790736717999,62.04557465838491,8.7260497113178,652.7281237772241,70.96,23.555025228028313,0.48418937077682134,0.4126002781672746,0.41593309682258245
39.95737947416938,72.05157413235918,6.021926686335648,255.66622333181442,100.0,17.743387750098428,0.5989937963996329,0.6926474917861953,0.8350173107989379
36.24909826944413,55.43862416466419,5.071266140493921,364.5664275198645,82.75,15.561144750771978,0.7641463732941551,0.5811768807049659,0.5474528217482333
37.54917193144259,64.3872821963432,1.902360338256282,843.6805296649776,100.0,14.952179455905771,0.3883704233194044,0.6373143371639561,0.7602121812220082
39.89481673590252,24.965255129364138,5.876136758434173,194.94276897015982,52.21,5.661172564941687,0.4443375264703735,0.411331693210784,0.1649784832386991
42.250133545439155,37.807410658929285,2.439912226582277,826.8678471733621,93.11,13.388930042416428,0.42761478422297117,0.49025078544607925,0.568280545591518
28.449878921288395,45.32971652435971,11.015485147383275,562.6554229027424,26.36,29.400503938112355,0.3997848180286079,0.8918939872303148,0.008822063768215468
29.389573815998602,53.07453485045595,3.1324640324188495,762.1875111940822,70.23,26.83888940567722,0.840423457317516,0.27113829639977416,0.3670127466254957
22.349548496021725,23.195412185166862,0.8784795792680078,713.6073662634716,27.38,13.234451675855443,0.7631439129544096,0.4342849492177051,0.04722508788936439
34.45700352490435,29.801686828732237,8.285492067258515,207.511495384879,35.76,19.694885126659305,0.1871999918903809,0.33345855005917385,0.07962859278928244
20.898556844918552,39.37700154539141,8.928445990791024,568.8127364338728,5.16,26.18241863838735,0.18649868198167685,0.7120892083518798,0.0555091460760418
31.639950453311506,88.00728836307354,13.078695919207583,867.7231528050924,91.13,16.031858418751717,0.44229561188239297,0.7112101005325766,0.5470455122876408
33.56611586768942,43.19429049721356,8.654724186265227,432.11623680192935,44.59,5.448946593753774,0.17892590138624725,0.3339563687979167,0.03269854740859518
27.163531303207108,53.742874067845776,5.182212805851686,966.5907702233168,54.59,6.862761545466002,0.5952744762168958,0.16511225330638635,0.15675717202561745
34.770831514225264,33.726839891687504,12.045178222894808,452.21510010171806,41.04,17.759818033717664,0.21495328580938713,0.10914614133776324,0.03575208891286924
20.762506248476235,62.75460497530378,8.104183397811315,142.7856366678847,6.34,29.23598439189696,0.5178986111734408,0.4419604265939884,0.16973744744861283
20.93370471873036,39.6478250861182,1.1892042694678762,389.43468007767325,14.07,22.330238555471695,0.1057759576029742,0.42827007546861673,0.031199104945365597
40.56501401649146,34.48948049068987,8.487758404698699,951.7024063905371,62.49,6.772904785964238,0.3532770787301174,0.8907119029118904,0.2219696388107736
29.00476603528157,56.160083991218535,13.620278181324936,319.7208493398542,31.1,9.73402189479657,0.6417525789381243,0.4758416605581437,0.013738438575705128
23.17651281629712,20.385405941229457,5.9446893824733085,868.0981598670628,11.04,24.28307858042125,0.48723115218227875,0.3051346956603365,0.0
33.05608150137011,20.53648228544577,4.444887028497001,881.2506816818898,37.87,26.035993998906118,0.8826155887991906,0.812983552825174,0.08339981018929112
39.24983882746527,35.33481663713005,2.152041855270301,350.1865243319611,71.35,20.442364654714773,0.7992830368529686,0.49285435972286284,0.3625569557485028
25.395525687421078,22.57049537505748,2.2716828290303597,83.25765805063212,4.99,21.110579240745416,0.38725662323452104,0.5793405081684623,0.0
35.57226189547501,27.561802789148395,6.491572265127283,724.5579091588182,45.74,5.708436259584616,0.1363892331778197,0.17653496834257015,0.06911610503513844
22.1336866248442,43.72024545371261,8.935197362422944,311.512299013986,6.22,25.713256489537713,0.776501040092015,0.4063331258638193,0.06803326910707673
21.292043029215193,76.1809975705869,1.2092310775440263,782.9236142575724,68.03,24.706880204270742,0.8289874482517371,0.8553789395790294,0.4194078168812609
33.2838657892037,60.04340503585106,14.093528835377485,442.6548482604331,54.95,11.475878602583679,0.7565019147352294,0.5716043073403404,0.1862318860849209
33.51587804025266,55.88674081694915,11.327004261677939,485.26674234262157,57.73,22.716917999137674,0.2023599527358119,0.3756014841139693,0.11985144405396836
35.935747537455164,40.54421762456852,8.79935877425494,777.9094067485369,55.21,10.371365160624952,0.8983321075298302,0.6005337445052745,0.20675001565923407
38.15228334306654,85.22276036029714,12.426580064084863,382.3633310616279,100.0,6.008254026287824,0.3068673772422191,0.8283288716624929,0.788048586258177
44.396301986563365,47.79105288660342,1.2028013521816994,443.12734532291455,100.0,10.028413564759433,0.6793639302466961,0.319192480378072,0.7851286071235637
32.907508707529885,26.096493675704004,7.152583165996866,376.19046876962216,30.59,9.465721918857486,0.8264279010685772,0.5040933747765396,0.07619362246209371
28.073911823531148,63.19465612824609,9.451396902924952,367.34051527727996,39.04,13.44369991837118,0.28854969146456755,0.8669525231294043,0.14377699959423668
39.87965486921759,27.968687543362098,12.429793591774338,525.9465769014594,53.63,15.461237429386452,0.8266068437416528,0.23791691463876213,0.16332770707953143
26.770806281551856,44.165619996118444,11.752043400739016,808.7994445011507,22.06,17.7134722874427,0.34758526335589357,0.6757311404773693,0.049041097212554174
30.9742855176409,55.51883571024662,4.156038745700995,361.7683119225659,62.75,16.918846887708206,0.8811305779072449,0.5915848065623859,0.22600348004897575
21.961409533556647,81.1955767279623,14.113202543388065,524.2547205377367,16.17,11.766865149132233,0.3250080163043797,0.6437401049125079,0.022222988274714802
20.633768585386438,54.548260623808304,1.8651876214630554,670.7273254426009,35.53,5.729266714351862,0.8627486598062681,0.3809757045340557,0.12101211177273856
44.06621036694813,69.15811362221649,13.127004279317282,269.439446303655,95.57,20.127540555928768,0.14283572071413994,0.35110349878701197,0.6029487816012173
40.89950301280514,89.49717872993493,14.564103744069278,277.5228049023926,100.0,14.89362074618386,0.6674176093358504,0.6473677364706963,0.7534364353723269
37.39935515234245,29.204238392858713,2.6573028483393832,933.4131270234548,69.27,12.466803934688743,0.525688907069603,0.2724346280836363,0.2855558274330538
30.223823610356746,39.231206786366364,10.830990963056779,723.5345733310886,30.9,26.673526070762808,0.48230166169818456,0.4357237958872041,0.0319516201328021
24.332358001771144,47.62032529183524,0.604282781669977,577.1866762233088,55.65,23.668582694953994,0.278795451404672,0.25053971684233445,0.20276844292318377
23.91092606677715,49.527972497718196,6.081342377087324,647.720054420612,19.83,26.444138709311055,0.6644766318211935,0.1066438728986638,0.0
26.256072454114882,48.771475268588205,7.74424948796511,29.299443103418366,15.59,17.374569867811523,0.25264759315704566,0.8760458880304556,0.09345656588417177
33.730666617653014,83.53277017895884,8.70967838864451,618.1029655616968,100.0,8.273281303169437,0.5422734367878146,0.4453623829251353,0.6388167767466859
37.86489806750156,69.98228511267996,14.039058723728392,509.5088732242019,83.6,22.40553590303181,0.30259629043220065,0.8754796915358602,0.5905709372723851
36.50493441794328,62.553364986349266,10.08376030941292,545.7496797794357,82.83,10.15184449842938,0.8644971038250849,0.21225881581426087,0.4170718046114048
26.99834742364857,41.65609025039475,7.219169268288555,359.42382683081706,19.72,16.03074172729292,0.12290495506852227,0.5698934235659888,0.0
43.87163201657985,77.66532689549064,12.145125543988339,81.47389771294189,100.0,6.625019723722213,0.2597826240889892,0.26077922623299166,0.6341448335238886
38.44742291739421,86.85423580394922,14.257992314316134,193.3392336120522,100.0,25.63271006057456,0.2938484851099582,0.7320593015706198,0.8120405024385562
33.85885131278502,77.48387977851586,0.33099223023436264,950.7447132126717,100.0,8.148516026187515,0.4312542606142532,0.7269623910087802,0.6725754695228869
35.2930186558588,20.109557363403102,14.73781908384058,408.69956227093394,31.74,27.57743767623274,0.28618419349604285,0.19008571923144946,0.0
30.490001560694747,64.54809591283849,1.2919820859552051,466.68315583086417,87.89,26.605765056538928,0.49307927221502823,0.8296515623011114,0.6338084465869863
26.193274737528938,23.57947670094705,12.21580168903142,52.70978985343899,5.95,16.61456911098115,0.7979724186068312,0.2557037177625797,0.04945576248987634
28.89931696628154,38.03250542336053,4.205021288271188,37.56622954398059,20.02,23.609205107599767,0.6696507371273366,0.5903818732714883,0.044426411384326306
38.94615276160923,24.16672902434402,1.9826948663080763,717.1814470467576,64.49,20.486126845453832,0.5639695844280889,0.8885068960701633,0.28820997858963265
20.359837215743898,62.265681706457144,6.597834595707523,538.0946641211112,12.01,25.07689105844362,0.17120254238614374,0.805917227813091,0.02801006115760747
22.901816012672906,68.06129394448247,9.659348691714204,508.70598421626664,18.02,15.795127519647801,0.6551936867114205,0.8652511428489352,0.010126741556752332
21.15006605054382,28.01413466461336,5.714277675352125,243.12453042266867,0.16,24.64521210610875,0.2331314274487519,0.3740790169744955,0.0
21.018220057974254,46.86872181314857,0.8184811242404844,744.7507316299223,48.76,16.5614204266287,0.7290939087693584,0.1844605137755707,0.05304539316128122
41.38651460027518,51.93655562688794,8.99191709488075,168.23657910849187,76.78,28.524144696069847,0.30004540680812253,0.2506774986315601,0.38902287185039586
37.591446484500594,45.83371152326416,13.53604914166012,189.93474366102004,56.19,17.15930252062869,0.43363898265672074,0.5003959160612911,0.17053678570728678
31.85434572718313,28.471750033963513,5.748230489208775,460.7121713482755,30.66,16.56548179834324,0.3803761618543423,0.7345837426186578,0.08302830429477216
22.445854016275035,49.326345313123284,3.2449916644624057,286.2798621119409,12.56,24.626796539087817,0.7870511317398855,0.22012291534710018,0.04242313893907692
32.29039687792081,72.58246334658926,6.6386601889922305,247.46298123314637,83.55,25.539442294020947,0.20123556697072653,0.6277852258086056,0.5372747678131088
31.836794269514144,24.970536517327883,0.7254406657317131,645.2376445533316,58.87,18.86222785802927,0.552515905907831,0.3588620832316095,0.18873043841526183
24.33004674775038,25.61260098573324,12.307313767204121,650.9717452185445,7.18,9.494945337376885,0.21364928755444978,0.3729616579137228,0.0
30.846291230949326,44.833990428518895,12.3951121642528,824.5170697999292,36.19,16.693955773939486,0.6638366689057493,0.6295341841263411,0.0840530909822129
29.962618359934336,85.92079981332475,8.820006951444427,417.70856697297586,84.94,29.20181257274196,0.824062502235585,0.4735995356265762,0.617605788655503
35.396252451305415,66.80008527060399,5.296543334075842,73.08509102615024,90.93,23.82465482597963,0.44768612309380273,0.7496266344207951,0.5416225342804499
35.877341271691094,67.50689696707954,11.99675046668675,273.6663849214577,79.11,25.279065096978304,0.4904738082119807,0.22473480773026167,0.3901331016367523
21.132600244301113,45.33439935865054,8.320305371825508,980.0054631968169,12.38,5.820637470481003,0.8419382691862098,0.7319586158136308,0.0
29.36531536566178,61.55625538459769,12.388984628250244,596.2585752327021,40.81,16.696486565853995,0.5167931109194858,0.1513881984459367,0.08162067569035295
35.64649789285591,20.709182881942038,9.47188188874531,709.7370848010203,38.11,21.165528341438883,0.49007875043964877,0.255243104196484,0.027336941994785396
32.578406464502194,64.52672324866796,11.76608209819196,7.357829625414536,58.47,25.75081709070187,0.5626632821634433,0.6249197716025323,0.22024738194144952
41.41224602970806,83.93008633033656,8.9784448982664,518.2057321825208,100.0,6.231841339569287,0.6513837890903615,0.783940525208857,0.7463175090576951
36.46734079047363,62.88014278413734,6.2121160232349935,37.52865753180312,86.03,26.31097214104683,0.1855067000696251,0.30214370219147924,0.505906258340097
24.073360677035744,81.15890154264414,14.369187898892063,569.2302120914479,24.56,18.71002341854779,0.7568884221932128,0.3617532846631304,0.0
21.764218685010746,70.67811388262658,8.11670737318267,920.7708496360754,30.5,9.932849264401497,0.4484040219626074,0.529696598629392,0.004677547457039008
36.06048195515789,28.43908914825832,9.076342778108076,968.4191305004078,48.52,12.9313804112425,0.15787880791798845,0.26925824519144187,0.05262224721338445
20.662782763540545,83.17173151000893,3.307314591221239,540.5526753889242,45.86,12.048238793789018,0.7289461353585706,0.7489250092700045,0.13322825455144516
34.64438953183658,24.65106910490424,9.384761841409148,458.204805252216,35.12,18.271475857211897,0.4015599773490177,0.7189093160046086,0.08629124063225763
43.50575603562394,57.377723078343465,8.574114742244157,945.017094248494,98.67,6.2921419977782955,0.18029399607604316,0.2162333695726253,0.5430974138219588
34.386854446896976,29.949598665542037,2.7725759692053744,673.6098319966951,56.9,8.963403962498088,0.6070232316346005,0.47106378545330574,0.25222895569983067
29.70424815516305,20.819462751163286,0.8938064602971557,64.89927953840946,15.16,25.31732608439456,0.8041050827469134,0.7198622133236972,0.0
36.082205461058834,49.54239820893473,9.065389795721567,465.72557766749753,63.77,8.315099768670276,0.8102028075311891,0.36986362488273183,0.3143660125226478
31.456322262287916,40.652849535790935,11.455384040254808,240.2450184643039,31.65,10.834906736453174,0.8661307798471786,0.6064854581741853,0.012590397504641956
33.64041973289837,54.02003456583221,7.851020563830123,469.80432144868155,64.65,16.33426514010393,0.7941643678133504,0.1401704971660582,0.1503978932790831
43.53662021941313,60.40399207141856,3.4015893797946855,455.46557200636175,100.0,17.92802220283326,0.10171273547638018,0.5869510084234544,0.7429296008494811
29.652565945019354,23.061735061626315,9.997829650395524,582.144802814742,20.19,24.090261990353966,0.40419293313071225,0.22212238400048562,0.02624789894868282
44.029764095597855,28.610230658662196,1.2015858991440336,356.77049034925125,77.74,16.183310666654695,0.7548340639244024,0.7644666600915611,0.4470736451160198
42.63376604890159,59.10496775152978,6.627505572029319,164.27044945592806,93.93,24.74661552588847,0.39300240479877935,0.38435957086438277,0.6362095280648092
24.89477836973241,44.021714722086074,2.4505013759763026,503.7194345899563,29.48,20.458657676136436,0.5812388051037649,0.3252430901825566,0.03471658952374273
21.734032521879136,71.04214412846136,2.7668857658982504,830.2028843457621,55.69,7.827493485595562,0.5850535578996257,0.772711181369188,0.1493723509977049
22.519450034435668,65.66041540143578,3.0344092373730547,664.0122280676023,45.41,8.908285959820965,0.39202024323105844,0.14011521845744818,0.07370472923720622
20.455545641288744,79.19230540929348,5.8006058556596685,338.3678659252158,24.15,15.92584313624427,0.8235791418250301,0.4172870394674758,0.06478986492342363
22.36107401889821,68.47449786684578,0.7672530843059644,935.5230227588572,73.43,14.92223482722599,0.5025826763088941,0.3960028324600251,0.3484760076632081
37.07516933540892,50.09517541731037,5.966901613936473,912.2075712491821,83.8,23.588606740932363,0.47182736475000064,0.32784029939964066,0.530125886933865
21.779716211505725,67.10766356761027,7.675611706720512,209.34839938409877,10.99,19.518428494933797,0.8980109965295168,0.8294034656011816,0.0
27.974390757344032,39.276682197879296,7.249414274494878,39.41758512036297,17.54,14.703327025056232,0.4948002912580933,0.7007427148133778,0.0
41.12188277423637,41.44194491447489,5.741761506045608,741.3087083507622,80.32,9.269007086259641,0.24271860154286484,0.15113853135355104,0.3012984642108393
20.581798393395648,75.22896119445554,12.587199121061287,827.6102613491532,13.62,10.670927558137379,0.5104555382907504,0.6717499595479632,0.0
40.36171206472339,51.24936614811075,2.179900386307562,967.8645659513553,100.0,19.387525461726476,0.7512133884159441,0.5218393065030352,0.654152346203233
27.046369369334997,75.88662383628468,7.58545115672061,889.8363940883107,68.39,15.585970122494812,0.7214882615186252,0.8206943155212634,0.29355366965807084
22.954120690541405,77.56956615677949,0.9306212543483144,600.5347682064148,69.18,17.8731877215168,0.7308654120867768,0.35035649387868684,0.3069276889412773
37.41842913410377,80.02936363628987,1.0673351831686462,530.0523392123808,100.0,9.266935882555842,0.6664190271983295,0.5593295996876664,0.7738255492967794
35.7235711694971,84.16446650888452,8.607987745156445,27.84105126258629,100.0,21.572656308614146,0.3033742632533506,0.5006042197927888,0.7509805873047674
41.936800338176326,50.16896543593074,8.490276373317315,246.65644684477783,77.63,26.313468521399177,0.7896672686721852,0.49164872498208456,0.4780683693036549
38.37677609509714,42.32067728247972,13.170502692666854,459.61475173292644,56.35,11.448487669672515,0.8147547723010121,0.4648843196137701,0.07413579369271683
40.08702325962122,60.75391226158797,8.368105134901098,628.5039000835678,93.21,17.287855645795666,0.25532215729483926,0.264503580425825,0.5786334393607907
27.050864314282663,45.98206964063393,14.396865306072753,557.2518333184107,20.55,29.388183225522546,0.20436450924111516,0.7045679379939143,0.0
24.43598859449307,62.07519167601631,0.7304227259989465,742.6359896816905,72.4,13.331043513768192,0.8804839748712897,0.46106882619143097,0.29198171997834815
38.76536879102146,69.39101038506772,1.4701152717111161,279.76693088704087,100.0,19.876158623094028,0.7946591709202944,0.8668130200020846,0.872370275399124
40.1708684816816,68.18835129444957,0.6609879235557209,564.9526076524733,100.0,7.25489250500611,0.8145889177679574,0.308646741754221,0.7806644983553785
44.76262855001683,46.218702091408495,2.7791527550031003,88.14224339079213,88.51,20.15037506198608,0.8091011076995162,0.6461950717016329,0.6469681772043469
30.315441922785663,31.680214118912698,8.119051664125172,413.66552358320695,25.55,7.240794332615447,0.5333494592269827,0.8525736637112867,0.025862736706385385
29.30045214481958,50.13705369235453,9.68358272141142,750.160832954601,35.83,28.980885883095553,0.6171213893326397,0.630766658412874,0.06667720086255098
39.41032401854992,29.98159008573361,0.683777369230032,693.400853429044,89.86,22.891566301807785,0.5362902817069134,0.7970183260939158,0.6169451894747288
28.520088506325447,82.30679246286658,14.18956334768399,990.642737172179,65.93,24.70399470339266,0.14096507935226327,0.7619847678056049,0.2552051767324842
43.26893314008912,44.21142225165002,12.632480649755715,277.891125987756,61.95,22.60260901929092,0.6964024682822181,0.38809417239120314,0.2670575781152309
41.4603187960753,30.812182305632664,4.449187232356397,498.1892991739791,64.57,19.743225901911643,0.5042656266687042,0.5800991519515972,0.196834212535037
30.72485068437546,21.781343193402563,1.1578129533970194,329.5304137739967,24.65,16.247819527137636,0.6181672598321838,0.22500907184908447,0.05181979060876585
38.771776694787434,65.2075670400539,2.548306098285859,440.60311405917474,100.0,26.45933449402656,0.5021118439804283,0.5284207061564796,0.8115500924581039
38.86357185211706,64.58316222183203,1.90416620632459,856.9501298693881,100.0,28.920891688576575,0.4934490578579648,0.2843375774514698,0.850751793630404
22.578096720898316,43.84229166069042,1.8492566894842026,684.2090751884866,33.8,17.475904322602034,0.23743128758221346,0.6949894519619565,0.09829188744196306
42.56382266698917,25.01983221933557,7.778425329986009,882.4411913475817,56.52,28.28837622888155,0.32297097211291914,0.5224467375136997,0.11217482608636326
32.63130931119643,48.674022642666245,3.687711637401004,203.51110833188645,57.14,19.583322749712938,0.22708215355516465,0.4289818901053284,0.1508317978202977
40.66143665269354,41.78522465443755,5.372095747937166,873.361117841438,83.6,18.45960467241083,0.2565330365002739,0.3150376769335821,0.4101620564399977
28.00124002576529,67.39844478145065,14.842580000764837,59.76227417838442,30.75,16.362068323883918,0.878381904336244,0.8989587854730295,0.0
42.388080712405014,62.404547461688324,10.264713733880171,888.5992804371524,97.6,10.232194038252995,0.22249075661775874,0.15736841670794616,0.5367277289206246
29.73004196835408,45.5215609738278,14.23471000570502,329.0737794607279,28.13,5.09299152045148,0.31541633944416614,0.13484854445793604,0.14730660295782844
20.27094128700746,35.25247879784931,2.138348325496734,314.5876334140665,3.36,11.03765567140153,0.572471726190868,0.27380592039509166,0.03062046291613772
42.63454941048159,89.16251763089143,5.732092122488539,512.0885766986639,100.0,17.743079290089128,0.5881428609893135,0.8768579669022557,0.933901717881284
22.28216691965334,51.780113483728044,8.320977049235314,940.6901877232318,16.34,14.498998806493814,0.22317930379506326,0.8833905346559876,0.04968592621816745
27.982840939760372,68.17919650461658,1.1513709283310702,47.78136468140537,58.82,16.212130700065845,0.7349739406281699,0.6239421878177087,0.17834711529330377
43.751549176270125,29.838707730485254,0.06281165441936798,352.2309750707453,100.0,29.51620548910124,0.72816229433026,0.8040853337651238,0.9075232876412803
43.7651786734389,53.991278976157844,10.056515006953763,856.5719886833357,89.12,13.756809266733189,0.28985416336311287,0.2711693846726363,0.5361770898567471
34.335947203082156,21.927570390862584,9.62729275202153,396.0544774354667,31.55,16.304573484002695,0.33093304214036834,0.8776336753412989,0.0660441198131003
35.79593030424498,55.381858253731494,6.161832149994177,199.156897597067,75.19,8.337888783820489,0.8503902923675976,0.21422788011165173,0.32178421664710566
31.211138049457993,87.48121849823916,7.34466114048049,424.7941813314118,95.6,6.198943310924691,0.7605371567835825,0.18090015054532663,0.5344219754798178
27.330269292451614,46.89446990900602,6.231645008881344,385.5525014916693,24.07,24.385237864812368,0.658237626450019,0.18976923139781832,0.18683672147700617
28.2166136342479,22.72972088024381,0.36007567267333285,915.4162014667035,74.05,19.267079376799465,0.16578657720848045,0.5585023386180518,0.3407456499804542
36.81296140192596,22.166905364354047,5.0305740932619365,761.9343757430971,47.95,24.017620151097375,0.4346112647220606,0.724779520574442,0.11649871115532792
38.809363235942,47.159073196280865,2.6562338309593474,505.1155557440064,90.74,8.74656997216379,0.5474414976614617,0.3933337422997065,0.5542457213358877
39.78947609314621,31.20174555242358,1.476362836520531,988.3705667215711,89.92,19.295719279567273,0.24992903038702155,0.8823167902289012,0.600075896923192
39.740453569863845,21.634646742973015,14.350806508340247,465.2775312759233,48.25,11.341061858534388,0.45858126568657964,0.4475361104946636,0.12119880241044731
22.280152576217258,72.93495297651238,8.990395875632483,58.23783082027523,11.99,10.701545422500498,0.580820701990952,0.22035884061857303,0.06778969872569676
32.36050761756454,52.096610621732346,10.92984426354904,262.2743218149849,43.32,5.2881503513246315,0.36190134409231944,0.47277339854890943,0.07534900910886573
21.438969000416108,40.24713403808582,4.730456148991762,436.0704802193126,7.58,8.258518089226797,0.7247558551603898,0.6432297323379519,0.0
33.738222058093385,83.00582281115365,5.897206942410228,156.9026241461201,100.0,12.731702787492384,0.7723596653110444,0.7657806244035029,0.8075168723165341
31.038262534334425,28.12972721403679,3.553859908450852,947.565126324043,45.95,7.921969014773476,0.3588875755472566,0.4670146319652744,0.0736319962827237
42.19260456895749,86.91431802687235,1.4544850644813712,766.8488978177731,100.0,29.646461010273438,0.7709257235939657,0.574885460839334,0.9707096979291605
28.77287531380197,41.977670216414694,2.685474561623757,268.28720042777263,32.82,12.715816213098766,0.18286125288241203,0.3138757697270827,0.09923943337255262
22.926675410690148,82.18825706160769,11.962710679447287,590.8045335179158,26.8,8.258098667558205,0.7701832788981251,0.6167332211244112,0.033749793827800786
23.574792051320898,62.20600135356231,10.163187077756637,721.4491571095721,18.69,9.977057820698944,0.22220034533409327,0.888777555160275,0.0
39.03776579293681,77.86951518190412,8.203933139782153,941.278928906798,100.0,19.692580708536912,0.16634172200778086,0.1392428580702351,0.6158269452299512
35.45545158290653,88.8809214247325,7.126348093001521,881.6353491754106,100.0,6.601088096619713,0.613420323552809,0.8092245365641343,0.7581601460742339
22.528066903069757,40.1883806473122,13.836514254841866,515.1922261382136,6.15,26.560853253528922,0.4775498926042355,0.5498260022140182,0.017595767108080022
22.102670152874936,87.2794839785315,1.091024216680026,774.6526197930176,73.38,29.03749198092868,0.8263124803302663,0.30167892764983995,0.37923428177893725
37.524228286478,47.263732643169426,4.20901219856874,562.144753827585,81.25,11.168685516684523,0.3905513568726794,0.8639117680074063,0.42979812622215385
21.819075159104838,46.98583333158456,5.249067803560711,552.7038900455401,11.72,16.252381714771484,0.329721810750103,0.48668344244711914,0.0
40.546501482258904,43.8270972978154,11.736387183191818,114.74195833819189,60.0,5.553361275737426,0.5005879249153588,0.3653522013387085,0.18480231303292702
37.65605567891241,57.89853251433097,14.88771930242957,126.13765801615206,63.22,21.017755618180537,0.4647569486149291,0.24519810261667294,0.11812540748037836
22.033719516047494,30.790153022494096,3.610057721357296,529.5336150224574,8.86,15.348151451314722,0.37554243697375067,0.29556176820532964,0.0
22.120942852129797,58.759803975060784,13.11461001205621,268.8615449790066,8.91,11.751461652538893,0.6549930389586629,0.7662792332731541,0.0
44.66598946252938,57.91933686870028,12.45934140647687,21.03690246046863,80.31,10.170927765415211,0.7076494671311266,0.5915280074537327,0.5012019913521917
29.356769893903007,73.3331268823409,3.369860964626499,722.8392039002123,87.38,21.35057694146901,0.7823871752241093,0.8305964955906529,0.5904442622766867
29.26605367667227,78.35549733563099,5.989988702988339,32.48659669016496,69.76,15.405425775807862,0.8782852837682743,0.28557476172622864,0.3249561979877888
40.31998918143756,50.83089452186968,6.1450930393877865,595.2768411040546,87.35,9.4914822257478,0.31332495370600355,0.1969108590791212,0.4675842002996555
43.68121443459647,41.16332745460456,14.673310027898374,539.1937941273144,60.0,22.227727037170602,0.6728747859919693,0.10487002478047201,0.27817696289021376
44.650026595571774,38.153442812196616,2.7133785206834746,968.8146905778044,98.01,19.12680707591734,0.41540658839659617,0.506289630092795,0.7913651733239832
38.83445463147354,33.623668569341035,11.987369566571731,484.21313934764163,53.92,26.466801373237406,0.6416655775608865,0.8986455443055905,0.19086405918091462
29.406489638272895,24.035330753931742,5.012890712596649,63.60143637779736,15.28,7.936897471912323,0.48078535227937624,0.6559722150549112,0.0
22.08751791746672,43.97135851842994,10.963055186642405,551.6879678064616,7.7,24.641665048611404,0.8950184822143453,0.34671567357211686,0.0
39.42867289818592,38.917338449154826,6.3001650644349425,841.0961706161014,71.79,21.837919670431475,0.6831217086325999,0.8014868664209374,0.36710323717952376
33.960106243395124,87.64921701064851,8.6753964467481,996.84928428144,100.0,7.875273420702445,0.8619930403474596,0.7253778127903677,0.7689057830591771
30.605550231174405,59.03961783750307,12.489176599891966,430.3431736890725,41.56,22.37051824679302,0.7679756395849486,0.1123321328612314,0.11466581718659745
42.6588596273684,44.30939273213553,12.062483474758261,320.29874249674253,63.1,16.03868222199576,0.8223208089306969,0.753488384432818,0.28773415109191447
22.779937057653783,60.63273206955872,12.996347753095502,906.6532969519989,15.77,28.62461963889608,0.75153535777174,0.3404214057907968,0.03803029335026198
32.31562760727148,29.743769094198683,0.8942598801698853,191.24212907612136,35.17,8.540283765447484,0.4673273043007291,0.21973877166688088,0.11137826251145452
20.283841119185478,51.08306244415421,10.380758295596172,615.4289150329266,6.36,21.07083477039345,0.3014307626775075,0.28106467178965966,0.09388593240362002
31.716516049853155,63.83640249947447,2.099810650826443,405.71442418094773,87.5,14.54950113657365,0.3962561403604178,0.47486384350011124,0.5273695869618215
21.407581892045933,54.222848225471594,6.237278520276165,41.082364955555285,4.58,28.920366764771945,0.11618898611196037,0.4398943416544089,0.055321642762811755
22.9704479067018,48.12451604580269,8.228826225820328,347.2884743056978,10.08,13.249372382256912,0.5191945339717338,0.33110983949938144,0.0
22.93815616942762,89.56938722297888,6.041092271202461,265.2285225026746,44.58,29.054647737295003,0.5040462402163269,0.23777465776562617,0.16606486586860408
36.23025755290159,81.62203335042489,7.794175137045112,686.0911539434868,100.0,27.537146277518726,0.5202003718643906,0.7097846317137354,0.9211541835789693
38.65112198163558,63.63841707116081,14.947894631979286,948.7904976919182,79.86,11.759580882766407,0.8792249799776511,0.8920878269879337,0.5314972990623189
34.584219127428995,59.85641528275979,2.028259705692821,268.0471873786378,90.5,25.088544420660693,0.8291632027638715,0.7222332643357524,0.7059129404877377
44.05431371186354,63.44623358772088,10.131840680046384,811.4659391516817,100.0,29.890105045087648,0.2293702226640864,0.33674957413723294,0.7507674282879044
29.3717644880926,34.091847547570325,5.9400144957842285,55.35981693840952,19.75,11.316575054282058,0.3951060172447114,0.2958471691297067,0.0
27.142802157046518,47.659642028502304,1.9951469836099318,538.1210100398132,48.88,15.919429233082992,0.43916494357060953,0.2741327008527506,0.1171204621751505
41.71497820473651,22.762167302362954,2.3810514506146427,70.55006370989459,54.44,18.00451841416899,0.38842633428131823,0.20935605959122905,0.23184235037171444
25.589895962986315,53.28822262407787,14.239096593684254,934.0329911306393,20.61,12.373278395096609,0.7387967708831304,0.541064439753841,0.0
44.08056348601528,58.011720877036424,13.19402245067643,766.3512805573902,85.58,5.3816209911507435,0.5192301358940695,0.5843202975626753,0.5144850530592893
20.30386186724541,35.94248152722467,13.605629406225328,657.9499112045924,1.32,10.503231104938166,0.5576798535773001,0.6644021285305098,0.042212650753822314
44.246970667690974,87.48201930158596,14.872991637410799,823.8963816246643,100.0,12.048422108543962,0.7824108471903405,0.6441706967469344,0.7801257346011923
21.0789977987644,83.66182276560694,3.1247308501277695,647.5197955701632,53.9,16.08999253295468,0.7447425227322869,0.333866649026706,0.2298501569813925
42.27857784245178,70.55002648191342,5.331590060460926,968.9443971742911,100.0,9.277561960335046,0.20576921825623976,0.3642488043174773,0.5019200792309326
33.1925277271575,57.33706401357538,10.038285448873001,713.9579478647715,64.53,26.831358917291816,0.6711316672669074,0.6452116283538702,0.23199936848417602
44.82411990298251,80.89784117533794,7.257038097909708,924.6586095822468,100.0,22.6227783182834,0.44834890312162845,0.37955811262690264,0.7292229596662461
21.84491411838497,29.145664067642404,6.275843000675002,517.131892010638,5.54,7.130011938991549,0.33571912245000035,0.27009855169545044,0.0
33.84635711003302,75.33568559924194,5.367168740033896,117.06441298186266,96.43,21.252311278498286,0.14001505672174908,0.39946892295739167,0.6766418177926982
44.23256339047747,28.73745697767938,8.906709479151782,528.1777214230171,60.0,21.34141191014051,0.4897996482763608,0.3176673260623821,0.22737856477182053
33.077446104253724,75.59474637845838,8.63390142960123,126.8728280630933,84.92,28.90552934109069,0.3843493445796251,0.17065017697486223,0.5353561943928463
35.73496595338156,39.30372977759499,2.421867510963601,592.493479176405,72.21,5.075521783904032,0.30121043174112067,0.7641111218213229,0.3371478273155857
37.39371722461543,81.39634067127322,7.076097562776586,482.4930605276629,100.0,11.198311245145181,0.6557373836775661,0.782489111325629,0.7428841540941648
31.36352661919433,86.08294656777785,8.302076643147748,622.5753978327817,95.62,28.194786984382887,0.7155883098524697,0.27580024013350357,0.687136459911909
35.68895200210159,30.415717858358093,8.554304080970857,10.046981054831594,38.42,28.303347884957077,0.29583161522353985,0.15181775962016142,0.08897060420063628
34.607857798077504,52.387292354577546,3.151607893685277,194.8404916553641,74.5,23.014660484265935,0.13955794934347782,0.6910619498809436,0.34120926230535575
42.52895026227472,88.66911647138795,11.134070883784302,491.3304319121309,100.0,24.1440830261885,0.7790021604521881,0.26922290069073096,0.7396705604109626
21.136159508536448,53.83852051812026,0.3779864223160445,950.5035615891348,67.65,7.2870739482411775,0.10796779296344267,0.41474839154948817,0.284576274843794
27.024079739805757,80.44832657601816,5.32247783314744,383.6090403551584,68.15,17.846895869455842,0.8496899951371776,0.15130820178990662,0.36464768348106574
43.76028710191397,61.21120654919239,11.703189728034504,424.37202605363467,89.41,10.789574782224985,0.6020958991861647,0.28101566780674814,0.6103130067997042
42.25659459727291,46.27309355437213,8.458393815831036,714.6960890066222,79.33,9.530451090340431,0.3574773081610563,0.7343218226637086,0.4170224307797918
31.391418819642823,40.00484888681092,3.9174364876629038,603.792757286118,50.42,25.257582478083314,0.29718232766138897,0.7435171575321615,0.18012707950779935
35.50331494503842,34.22561637602611,10.424296790145716,298.9261500983332,43.49,8.375953417013687,0.1072045314115802,0.26566785991016834,0.1448000079043838
26.934529574528316,73.32587339643881,8.5108641623411,410.8163955674278,48.77,16.71629092490963,0.28837713360870176,0.3687310760853516,0.08586489599248806
24.703028993094033,47.05783547761195,11.943654141845808,217.69979885723245,11.59,28.464455989650826,0.21018264121371288,0.20739073527499485,0.05897466357841297
31.592460123499556,55.78928235405258,11.025377792847351,966.0214591302085,57.22,9.645801389133563,0.5897329765785165,0.15933810422793793,0.18135822611244387
28.833805700651318,54.46278360008274,9.15161883054352,130.63438155735975,28.73,29.449835593455866,0.23323647087504107,0.8937373715587276,0.08397203024201172
34.5914027962718,60.409532046319185,7.3226651296622105,371.83678456641945,77.14,29.857199644026476,0.5229038700292955,0.6244751609958714,0.46460129206408274
21.94336592412462,80.59040019371866,1.9977318850128511,25.838972220011193,32.85,18.890428867060074,0.5720931378755767,0.533677207358655,0.11378563024495802
44.35987019165417,88.65175405084005,3.9199952682807564,221.7794919335464,100.0,9.253568504428948,0.33843335867753166,0.7123988003242396,0.7304914686735355
44.65526861199007,48.53089460016719,6.286492093756279,780.4711383801549,93.38,12.90262219852239,0.12805195921497498,0.7720617277501793,0.533363238578692
37.45404285049363,77.92632454744121,8.98948930509583,201.17523228887947,100.0,15.612320816913378,0.1298031044913569,0.745371814435782,0.8079547082342294
33.40240915860301,73.51694562583023,7.705617828229572,80.0634025289656,85.26,12.733105608955572,0.12107786575513409,0.11323155943190129,0.3688010374940999
27.738190407158193,60.147026601890126,4.322767889392942,474.4531798445233,53.35,12.015889496912894,0.691299733709237,0.2494463185523988,0.21258773615306137
40.344875492673715,86.92330005283532,0.09696536684565826,9.969234734518494,100.0,29.305742730408937,0.3544077638514386,0.6239242416942649,0.8376092749625658
37.11827931384698,34.0332160869882,7.443588328512209,84.76615442633317,48.19,8.834120685393641,0.7370401487741309,0.40060747824317033,0.17640999079513542
24.065423483622283,27.6484947216735,4.284389828433646,807.6258695629751,16.25,23.333197717921557,0.4453862590742793,0.8859861208488856,0.06584242200668257
42.77317961234606,79.77733768687955,11.019124510658026,771.4733448596064,100.0,5.010257235979372,0.46239848066397105,0.6323238341106032,0.7191172108384838
40.56343107307923,50.74048716436238,0.35919397905725237,915.138820404896,100.0,19.904566735059422,0.510306082007659,0.8652391269833652,0.864455658797073
43.7449978322981,79.28781979449423,8.772417169586863,854.5154359107495,100.0,27.89857509885131,0.6704251651000831,0.26115718531663507,0.8468592840811447
38.142987709709004,82.51631436367904,14.12211356259098,683.1755632398181,100.0,12.198352352330476,0.3188022926637657,0.7911656224920185,0.6471262984748503
35.33537989839475,24.372031553335,2.6161390066724928,52.33285730066284,33.5,9.638149381442979,0.19726987962682152,0.3570818446521803,0.047968783190672666
30.456075907265472,81.84253340902424,7.074742361258931,782.8486179866575,91.75,21.291994871960675,0.5448458681531693,0.8916518465902454,0.6355650630657643
43.31821208385033,51.38233387585955,1.3713298772570726,845.5108108405605,100.0,22.81503518245983,0.36158209859419144,0.22615093765851785,0.7488195471749218
41.65159723751021,55.73027423029625,9.385228683920289,799.0821457719545,89.03,22.200762973799534,0.45399305093443,0.5130718550706613,0.5359825027322573
21.130466752654733,63.86147577652471,8.257975208943384,508.4790353080261,11.79,12.982922000534352,0.6175573666698443,0.7342756270696976,0.0
20.6591743624313,84.84678247110607,6.110482863192485,232.90183864948168,26.07,11.305060053983272,0.49530059291301654,0.4461139844832287,0.10511334798149338
29.41158417195124,21.33812661008348,7.820655322106118,845.3299756887267,23.35,28.897969999051107,0.5962230536806743,0.4744672481501174,0.0759524005477389
40.26383326954583,53.3790427822472,13.448619877035153,727.1628097401385,71.95,28.082487706748235,0.5353600016909023,0.8890846364045929,0.39538306923310446
44.68190323287361,68.14054297013925,2.944414534666006,980.7611743888516,100.0,16.43291524732051,0.6918370975488793,0.4402465202409227,0.7886037434963915
23.760422277588205,70.589487038876,0.3384676755802085,155.69259775593292,49.16,26.154846653859334,0.664749294169296,0.5832576804792509,0.1335926783329717
34.853267883803376,68.47727020759756,12.924973270486515,225.66458305205506,74.42,16.3080869408574,0.5273519134468954,0.14363172854012057,0.36741275501976395
29.52227141577554,29.41045905856853,8.656756235818598,211.7981498815027,19.49,15.60972545181276,0.6431224166877655,0.773768064168208,0.0
44.24785994536508,40.95769118601768,13.359876831927636,792.5397676213368,62.5,8.919073689982365,0.7988476818180902,0.6185344391836348,0.2881140430119437
41.05297307839272,45.110086779190944,8.954178351197589,186.90729645011817,67.95,15.66015141229932,0.44581703023053487,0.4232160822902509,0.26699691757937116
40.958217617778445,76.31060453756535,12.152416349395537,66.6598298233061,98.09,18.435423464995175,0.4302104581990349,0.1129356319636158,0.6502287612553008
31.717328994874258,39.51319106901871,6.445100450327219,998.5608065856286,51.9,5.562608185717162,0.7113964966819041,0.5733350564748031,0.14270368350433085
30.37048755844163,34.74934747070422,11.247898969324032,24.817211445149145,22.66,16.10282512938516,0.5660430696335953,0.11012626278732976,0.0
26.835176798267657,87.02136133266673,13.69562200334784,835.2440601588656,57.79,24.533905459880007,0.15680542417807086,0.10096289112721434,0.19471623597076057
21.409387416273177,20.62042995794282,8.581844455833094,365.3668415506528,0.0,22.001151409356748,0.8136896125528651,0.5928788497194838,0.0
41.61805940637633,89.84745989773847,2.711777258435693,841.6154597578153,100.0,20.878924721598374,0.12462648179011211,0.2512136538676434,0.7189950319669276
40.32252522825194,67.37749092001769,4.031964225452972,554.620491211145,100.0,27.738885710930063,0.6987170849677945,0.2535100397744763,0.8885603003964483
44.992941832153264,77.9928509614382,2.979668653461087,901.6312294863601,100.0,5.4508002456307505,0.7070353141634503,0.6226172526661949,0.6998204689882431
44.91592092684763,40.62335774423352,3.7028554139359935,926.1929864146267,95.34,18.926189654805853,0.8624888682255444,0.14295775035149944,0.6830822383247955
33.88579264006569,21.0020694366942,4.596231740265545,9.098181280775997,25.7,24.683721210242677,0.14330752672185662,0.35072444917964507,0.047799667763964444
39.22468537951276,71.6508662993071,8.327006801297827,75.41217599278826,97.5,18.53338456753168,0.5774854886275927,0.21954552171361527,0.675740464407073
43.619143247060705,78.3901217900473,8.819874441957491,250.35872957085547,100.0,13.097388814509479,0.4422724565016424,0.5641410958372272,0.7614939863222269
41.24118476693529,71.83332923674634,6.397496208627917,669.3154163635016,100.0,8.406264127299448,0.3645063638876337,0.6294121237819167,0.7328994770316825
26.18370254357994,29.9995201110587,9.231311697312531,888.272196511506,17.34,27.189076795404784,0.17225484823925843,0.6769086828792348,0.06428762857171755
31.263603382752336,72.73995455798783,1.2236238841704887,459.94195129396275,91.37,16.769059809690074,0.5501232957370473,0.30418497353485235,0.560180985845012
23.228985378787375,73.82459474753486,1.3168235558723995,606.9731162742654,67.76,26.952879924642534,0.483232580539691,0.17139980130926719,0.24686067768493947
43.85127568146806,66.09783609690385,2.5774419053648767,188.49985279556114,100.0,19.646303060829208,0.18364356652081942,0.16294692555351825,0.6675850580718248
35.154365861272,73.62811529569103,7.771162470605171,804.9668338816854,100.0,21.854802915375018,0.5899916056776667,0.4409212387605791,0.7519479957908821
25.71607013758657,79.21450077744126,3.2099201804747035,967.3281113534697,81.13,25.10652885946125,0.6903624962023508,0.856675527250172,0.5614643904349282
36.79251711014642,62.95228799662209,4.24926605238866,268.59893291459747,95.7,21.47888861500336,0.7138226408429186,0.2741832273976197,0.6509550001117175
35.45320601144739,26.202329977877532,6.004692542594911,494.8259516005463,41.43,14.951371016973443,0.824298550609942,0.3053932810732395,0.20162497469542057
28.954067950821013,54.13394667670476,12.177991860155698,86.1161105063738,28.32,17.840834598216276,0.42757659351102173,0.18071104168468716,0.09510757068216717
22.838939804990726,25.435453427012355,0.20793203869290178,559.1366564629684,47.49,25.076138116896995,0.8624582148977096,0.5844562191151442,0.1380524587258733
36.78932988981999,48.52801217227016,9.740682303549336,502.78344184668055,63.47,14.341257409324605,0.7923435240661488,0.6438982991577399,0.30366483680111556
33.00769252259483,48.497454238793935,10.03314796561028,144.4364841550776,42.68,14.703036419212427,0.33720125681915125,0.614344966528608,0.006312270706784265
39.30795979339098,24.62068908981691,11.979836705349548,442.06621311807504,50.29,7.3922529014500284,0.2274264298795668,0.788904194435825,0.2520249563500615
33.00408752779983,44.41743737786355,13.991294085904698,334.10465208656325,40.46,27.864610880543694,0.4483115169024108,0.4891406680208574,0.0565382030128013
41.3045375079635,27.769866915392036,0.3020677342393474,521.8308753051894,95.71,7.275907873636044,0.42151896636477326,0.20756563261365157,0.5700986427231589
33.79767096936214,76.57646470064554,2.306755582698243,585.6543354287992,99.57,21.205229436213898,0.5605754442649634,0.3315241045635301,0.674080100933768
34.023449288384654,86.33816181751295,13.292569410839896,8.49557860720951,89.03,15.329861970069942,0.5667089858621984,0.6299439787370814,0.608942070131818
41.91634006645863,25.062153268055702,6.877778432805231,761.0059829495553,55.57,15.140484756386059,0.6999895875039802,0.590497578993248,0.12757708890177452
30.087071655309927,86.8580645104191,8.468859584001953,713.0142918617408,91.55,21.988795914317098,0.5079119585644881,0.52480250379437,0.6478429232882708
23.35038071126602,56.58036195357216,9.94540805584721,366.2863862065222,13.06,6.677343315746969,0.18385811275261243,0.6463715349509498,0.0
20.719566907833475,40.96959745677117,10.18599906743456,52.93593556881826,0.0,19.842644573785865,0.7866330684424849,0.6099126802986394,0.0
38.87843139184048,25.380345269331446,13.976106049747623,754.9325397850504,50.84,24.30079464930887,0.34781166654814966,0.8050599115719613,0.11365656833958299
35.507738783836615,55.043698764929246,14.954241261175044,955.1751604781324,59.68,25.705318947164855,0.8770379682452737,0.5688131019826373,0.25569183097884074
37.60199420248059,75.61608811435241,10.802361913964104,240.1515960220142,94.6,9.263259734844382,0.19428808694381614,0.7228810869604452,0.5446352235585945
25.32410403772277,69.49605340866887,4.308318138077262,323.5246137370379,44.54,27.43547625195434,0.8666009377860026,0.2989657247731743,0.076120694331958
23.409286889669243,23.515820802478164,13.196286034415154,183.81288948181495,0.95,21.403652296186056,0.17280944550601357,0.6425460676712544,0.03317039832210649
20.36361664169705,25.103128475753245,0.7383137181114241,576.9361233448396,17.61,27.04637002051707,0.28482891035764757,0.8217552947061406,0.1411373850574716
28.764688970164926,48.201129784284596,3.466212793117443,154.84139464745493,33.9,17.13201792775496,0.13726395366923327,0.4085858623198666,0.07045576587066875
34.74794217136583,40.67033458335603,13.460785761955723,356.19394346137943,45.29,18.550833627430052,0.664090517311196,0.7232833498709174,0.06895582002187041
29.806101127493307,36.26690261392335,3.8428727165903243,697.013013934263,41.36,27.97595692571678,0.7802389892574334,0.6798314409563483,0.08126460553775132
30.936873050593228,39.67031492360995,3.309765894326227,560.1159830093484,49.05,27.497738583866795,0.4472568654527843,0.147620957497458,0.1317534014738782
42.60396736234371,76.24379203078192,2.0718793971037086,386.46256432793524,100.0,16.204021834225053,0.8428176600339438,0.5652066476992579,0.8017592108563618
28.706386675582507,85.04596375422977,12.886676364703748,420.2496018075419,65.75,11.860315790892043,0.5722392574044797,0.20415147936064193,0.28896409343181995
32.84973722899527,48.35718861692965,7.500873887866301,562.1108826232295,56.23,14.829260864106605,0.6040057083572186,0.873855337784473,0.20541883836802838
39.591325318528575,83.42777014927479,10.123398045812323,5.864727887161303,100.0,14.694108213243743,0.776335361360616,0.7491260021605249,0.8721725451952896
29.913569558031753,42.50469908735174,3.585995761125445,78.50986845360985,28.19,12.17167187456985,0.33744016404147115,0.1877790409976961,0.012121951453354166
35.552167505696836,53.350589044065416,11.370606315168247,881.2580677630116,66.19,11.714490108324163,0.38341257706210063,0.19740159811814273,0.30338258091375525
41.55909271866863,35.82202984711998,11.400083174431478,77.87898909129076,59.75,26.526573411992985,0.8247615353557155,0.5755790839300952,0.23642247402288347
43.738015591441055,64.83332295230908,4.688970373624502,706.8035962105051,100.0,6.746548017116542,0.8207707968310111,0.3759113393385467,0.675919813749311
23.67683702322595,88.52867806223662,6.160239495154243,920.0381641090526,67.06,21.940279552489855,0.8811862209606968,0.12792468725848744,0.40260607000864584
43.16469062903736,62.244516723036504,3.145354161453013,270.6836043017311,100.0,9.320501286411307,0.8214706531533369,0.5333132062664425,0.6741053668076532
32.30290732698845,45.04698588794842,14.648415349843564,370.4914370595143,38.05,13.61264733485158,0.2018976288266887,0.4102760797486775,0.02402213300823698
26.45610970747396,65.34722121933699,9.684038655876174,568.9214058447163,35.11,6.538575853370921,0.7589794289095899,0.18086119389739413,0.018651229529502246
31.478393905956533,28.60444749257713,14.018158210732732,881.7089696385847,28.43,11.749340921386551,0.4278707824876753,0.7415363138047861,0.15789888080389014
44.50081438213692,82.2061356185779,4.550783154436997,941.9055872604201,100.0,24.210526777931054,0.8926410847567503,0.8320614122230449,1.0
32.31545234982174,55.21587655458855,11.728363694953346,739.5632481112681,54.47,27.125383113681465,0.4778247714630409,0.705275147211304,0.2626423666674611
28.218790257187706,51.45448194277495,11.48787965827113,86.61976085469402,24.22,10.538178797559176,0.5430688660017765,0.7579378480130219,0.005563742692858732
35.835021357918144,61.01053519174634,10.374834777998123,669.1541555348508,79.08,16.588695981473045,0.5238199322054389,0.2731924538128939,0.5273543754604307
26.003640469454826,63.73487039525817,14.484584629002006,410.30372187266204,22.51,16.75810119843016,0.3573896238866222,0.3108583607348808,0.035533235888450525
21.8965832027166,25.024306435855912,5.903330041594733,470.70099949106157,4.11,26.839382643993353,0.16001767111433454,0.2668220322393502,0.04911759784012285
23.22199304776623,67.78320548563818,1.9607598538463593,49.14839034517704,28.02,24.069976321895137,0.8165209843215349,0.7120507450924513,0.045962429590102515
23.20114597394431,36.935217622087066,10.07563288866091,191.06213934635818,5.09,17.826930459201247,0.7421406500210295,0.8583336631475976,0.0
23.797567337807358,69.97668427546128,10.939647007158092,790.5136075336477,26.19,21.768680011794334,0.21162142444773543,0.6734697653871221,0.014716931150249864
23.470679316235255,77.57743560689377,8.62590860188222,453.9588330478598,32.5,26.18387634773417,0.7214146170800583,0.8051734119036448,0.04392557081554882
36.02186862008037,76.27709552867643,3.102268397000944,301.66224163114885,100.0,5.2384738506386235,0.600677332840488,0.6109592759065381,0.7470932327502152
24.54700210997862,58.67506771855224,7.566839125040331,384.0190739649582,19.45,15.072250776251215,0.4273150303340979,0.4101279204470393,0.030474178327574555
28.64168208309658,56.41189246175258,4.682846048536941,854.3995133256802,65.16,27.681079181926968,0.3032169192764502,0.44060929194424414,0.271279097154463
42.4197102476503,30.00131729375882,6.411997922500336,748.9990174049569,63.48,23.507825771098783,0.787783026801786,0.16025714573392388,0.3319826157563074
31.84904100657181,74.27423052821949,9.678278637669958,272.3153971810828,76.28,18.571034358351866,0.6601506074352425,0.12516575619682088,0.22853877856606747
36.68894346302568,38.99865663127001,11.178221140362519,117.50184021237331,50.93,18.241113175878336,0.5381919275753095,0.6563804833512619,0.17373067796070185
24.307996780040746,54.76867959725626,3.4833703635201467,251.99822164407172,23.41,13.694252440110944,0.5876548271187713,0.4507431136089445,0.05569563379216047
24.80722547021677,39.89918650492617,6.0798804097043,920.7564510547337,21.12,18.013013341037862,0.17285294566574477,0.5417720544437036,0.07225673890304124
21.021715406661972,29.36798540997852,4.037423564874437,581.5888378497554,6.96,21.38457998658633,0.47913580872895356,0.546128998097933,0.0
24.223376576804114,64.06903878242156,2.9794742079280367,533.4802087447829,46.6,15.459075960719828,0.2549602342285616,0.32190065066664114,0.11262062681330796
26.964758475798966,23.803242437603267,11.750808299937576,596.3935996924615,12.65,22.85382865980435,0.26670694320706034,0.4807140086635926,0.05364840728468871
24.42526210691867,72.405166388834,13.638790416554887,366.0282657465153,19.76,26.530805681509648,0.6290431698294934,0.47660817733416183,0.0891851604452805
22.21756334392639,42.231075668278166,5.553482785268651,807.1070203195128,14.94,8.86712120462153,0.8290049214674305,0.41074177698228564,0.0
23.01589677751502,20.009428510313974,11.269183865606504,523.2862493002498,2.38,16.28867557043561,0.42300528838267726,0.7565403067208564,0.013417432954225393
31.519469200818143,55.77903974660609,13.454929340466165,116.74790276879554,40.49,15.200502282127028,0.2661994184097523,0.4609312029500767,0.1580385988350183
25.158342960144815,23.279633596932218,12.691863157953474,129.06512482906297,3.96,22.186620101243204,0.6189975497893234,0.5829156196047903,0.0
29.10674652620189,39.33186904746296,2.7422008280883885,536.8591465026184,42.14,11.246686631448235,0.7969496370802542,0.8164160963046608,0.05967731855792103
32.58543177137142,69.48835412190013,14.344378222700419,936.5702180708391,68.88,21.006272873806907,0.6986550408979927,0.792986898287138,0.41341798390689305
37.25987071573413,24.38827351353061,5.650146606441937,308.35212167619875,43.72,26.937231043287202,0.7950057844292697,0.8123377630233322,0.17098872136611418
20.982803496027472,78.75369446492016,5.088609917607545,869.5411688592183,46.45,15.453289994840567,0.5292437368086395,0.3160039971720112,0.13344050659420387
39.98525997272607,20.267394586100817,0.936469909166705,764.0955865788793,73.92,27.7753924994805,0.7015009954953527,0.12798599064645028,0.3579095250029954
35.697509737272696,37.277670844133155,7.292604811573245,247.81244290690685,47.22,29.82909347333696,0.2120516474871492,0.30885343991626335,0.07496032397713394
22.043975798721796,71.863283930645,1.6352042346139306,36.340748316242454,26.53,7.652301248698802,0.37861969229055326,0.32296587649656694,0.0
41.839465602669435,42.138910481051475,3.7280973139113898,101.84726514238274,76.9,10.826329699621466,0.4116393315852179,0.8274882613799744,0.4705072941048693
43.02181001329533,27.132467164620948,4.754139326509221,728.4939338474402,65.21,28.759493787052328,0.5090365969968277,0.6193941862703765,0.26423333396885856
21.526948996371594,45.216374316029956,12.13239485237526,199.6697380406467,3.44,28.95819216203467,0.843261088205459,0.165363167681783,0.00525646625931613
26.921941203680092,38.927530046916786,13.132329755938448,371.2709205053938,16.38,7.442681884668962,0.7994372481777394,0.20830287680888093,0.0
40.15503199482653,78.98983315123884,4.536994761922045,501.69916600642483,100.0,5.374962509428417,0.20762039383134764,0.22454090043358033,0.64279597904088
38.70649225959146,41.93435423096002,12.880471818668608,725.4681684501628,56.85,9.027500581410557,0.23823172150597058,0.6043373985351386,0.14036916985858994
24.613025483909432,75.2252730243205,12.858464060546865,113.23122325912539,19.63,29.900319584556208,0.38611243967112907,0.6883312204056025,0.009811348819665985
25.233733083417757,82.43105013675142,11.469764255773104,406.36640527746147,38.58,9.49999041526717,0.3325950927125392,0.787715128452317,0.0
29.26180256978455,50.36721937035706,2.200426710227723,485.0729091426954,59.31,17.563690168050577,0.5918167625250098,0.8525092406449944,0.1451974191418195
32.11307462977553,83.69602006980745,10.354842703510934,540.8270639715397,91.65,26.210443160762775,0.8222208382116359,0.2613636459091534,0.6736683788793777
35.4563692882574,46.4122637774235,14.175360968708532,818.3606413952167,52.27,5.5100402672051585,0.8698332333380695,0.3478179877792392,0.07584093409065398
29.22284098924431,87.48548915430757,10.238107181507356,171.6781950432169,76.15,20.112224556461488,0.6228823620281811,0.29225830459586455,0.4955805424754652
31.563367903328697,26.250266716790104,4.974252736617509,807.8314518266224,34.7,11.925636221740607,0.7705273611208694,0.3870092539729102,0.0
38.68677345334392,68.091348655227,7.5086897614624695,692.8784276966522,100.0,26.55837291099329,0.5201617601846377,0.8317320859389995,0.8398311313919622
20.917080072264948,54.56698283198501,9.685875650265805,555.8708141989594,8.54,12.08652873160198,0.2666615574880318,0.5600900535514892,0.002336735494922857
26.31092360860052,47.1354163818953,7.658556130927553,699.5278704025719,23.47,22.16889300704772,0.519750729674782,0.6905535178595993,0.003875035229145181
37.83373964711381,64.28983151240206,1.7992941259645474,412.0177389516564,100.0,21.85549081118492,0.5440660811501209,0.49209538890142557,0.7459202197491023
42.38017094217999,69.26999641440318,4.68096066978031,138.39758596812456,100.0,10.537338721491,0.6939660513708452,0.12308633066889962,0.6449103901411384
32.79193605289166,20.305428875521635,12.035940458304488,665.7652402653673,27.23,5.869979996708753,0.2759063917658793,0.15135638879825147,0.0
33.30283713163289,31.68671621230391,12.921270691432762,524.6723066856223,34.41,15.231239344634933,0.39464830566938536,0.5303384250143086,0.03708169657379562
22.679300283494403,69.91322354440231,2.0595004907335532,639.3748005427755,55.87,12.229828799146743,0.39122197537165304,0.6750312278560205,0.2705941681326732
31.185309170586365,66.64697895047445,14.285801285980869,337.99878102849,51.41,25.224443740342714,0.867551676592932,0.2722644220229852,0.16291660461842686
33.31543166137558,87.62332535900741,4.93233926772914,906.8665773398359,100.0,25.009104711383632,0.45515596826137517,0.6775276591938433,0.8957749333302165
26.06176259086824,73.2726453175548,9.9347060809608,587.3698685755769,41.74,16.425598804815635,0.7040751738385173,0.74853261878681,0.11847977915219657
26.731080773734526,86.55408954119366,11.277377189350217,85.40248429087383,49.28,20.162805633080474,0.7006491050995513,0.429517982689689,0.1927504983240654
29.432104077615566,69.1778351074365,12.179193519568251,449.80399070442866,50.45,20.10648789967313,0.3124353478425931,0.6971353862752839,0.0020014856068688303
20.501779944443157,40.863654604761024,14.186245533388952,756.3560547436343,3.36,25.678953710690585,0.5574957514973857,0.423223960262768,0.0
28.05197913957946,27.375544557559955,4.693793220432339,794.1345617322723,25.29,15.625060353079938,0.8154423146549185,0.642680503564016,0.0918241832147507
25.286200174913617,74.7276704341455,12.877596818273318,494.59705276375877,27.82,11.886166994762727,0.4801581755655596,0.7111976394556344,0.002353914334284852
28.187433804447867,65.09044550331411,1.9753035515431057,894.7475708313011,84.29,11.625872953513687,0.8560940058740368,0.8935412946464887,0.6360146316369482
22.99405329548128,23.373020867530737,10.57561359530389,267.66843719429755,1.28,18.404806982055103,0.27156658345932927,0.37631732965087694,0.07420785168172651
42.263182018497375,45.20353261306848,11.129665942709789,410.5986972382666,67.06,16.228705068305317,0.1593272846192246,0.42883262445968917,0.2330079356582611
34.83981133885122,86.97598708390004,10.165848618019806,898.5969105689701,100.0,16.003019274623405,0.8131630985157995,0.23249604752813707,0.7383774911184287
36.97755797861224,55.02808019971408,3.7847210420272948,896.2567164715789,98.74,7.278433477242681,0.7781449583697734,0.2632584467214455,0.6320633466523234
39.729280965183456,50.291039521379325,13.095647205228051,685.7127688246809,67.78,22.96509351725489,0.8940719007470758,0.6547160020787022,0.3034106548490548
32.46105497322643,52.03897236115058,2.532876950555925,858.9805471222202,84.74,10.343417199547767,0.6435147904899409,0.8336364721235808,0.46093377726614665
22.17300720218559,34.62179068036146,0.8045218728124626,88.77326695623266,2.55,9.923840755218034,0.8493503413337197,0.41568396132899244,0.021519050568523698
33.427663545463695,45.80950196053567,10.761974859178682,864.9949762077763,50.41,15.318958006934837,0.7615592200672887,0.243875557468433,0.06304560936676876
34.671027950521975,45.88692791910236,7.132135728491005,320.61990655022674,57.1,10.694458540445035,0.7755410664960695,0.32807959950639526,0.21172281889562083
38.63598685460825,23.664851413123067,12.73647029938014,178.3315124282163,44.64,19.596456682700385,0.5553132563634147,0.46404136384651096,0.13572574024698172
30.791488655741986,73.72973399625428,5.750957115873884,239.36983634204634,80.18,14.286583483361788,0.4058916783333687,0.3325202634922947,0.32335814587380174
23.189507569889095,49.15531023327153,2.5241788276156925,417.96850801388706,24.09,16.222793064819754,0.8476464580346255,0.28686326649749305,0.09966037855728295
27.09439764496811,77.55259207714963,12.546632887048046,251.19200460446723,40.52,18.42923304010072,0.4456937404927156,0.6887875910056637,0.10856342688760758
29.077057409965878,79.52436007839268,8.233644474601075,320.56758601649904,71.87,10.088388062045121,0.5310554937997353,0.10627593699249856,0.327745485109428
36.147931033290035,34.839583828906065,2.8379368858553233,134.9784860716421,51.03,8.893790571638245,0.45689144570015017,0.5313844218691866,0.09368338492726408
34.269457616722796,66.01474375190901,10.805759978796686,296.1767655589985,73.93,27.01054757184012,0.5518546511681577,0.7350134456238031,0.44143265617583366
28.902418147446156,53.05972629140872,7.666704577342508,572.2838145420012,40.64,15.843092570785526,0.47640406319386175,0.31298262905397456,0.132552140894934
44.66288121982449,81.61097165450396,9.064694733604798,441.85370809106394,100.0,15.302340240813479,0.1383740468635807,0.5826332084896139,0.7052362699581685
35.14437048392218,35.10184754235179,6.913475073098728,346.7187612359112,44.59,5.890303756821037,0.8056385488061589,0.6351200844948942,0.20038680678273996
25.93066979339986,67.4469240217031,12.430634757270095,746.452128857114,29.29,17.449407564684833,0.4555150551326158,0.624019757124072,0.038337804061793046
22.544561815510093,62.54264855769058,12.443440735245748,893.5099713933179,15.99,18.854243040275,0.571154918805879,0.45667970735897423,0.06501268825935208
23.821478479608302,40.671103430028296,10.640832327365793,756.789222902397,12.7,18.97102177386666,0.21135024220638965,0.37726239030062336,0.018758841184974177
26.148943209612703,29.562063255582082,1.5810206609469342,332.00070211767917,15.22,22.67577923307211,0.10271027838611131,0.7687392584222508,0.03634221109217946
24.017034331488894,65.61478323340936,12.582807928561033,744.4421678375537,19.61,9.437045874775293,0.2962320749149144,0.7067567655998914,0.0
24.664175601282643,71.70182206926314,10.065194707993648,151.98018247405122,21.52,11.30557835576547,0.6636688257066802,0.35700413873113,0.03420282642200242
27.127379217346178,42.0939140634345,10.455362490064493,130.3179880912909,16.86,25.268261630760318,0.1793556240903029,0.18241535555376487,0.0
24.33433988236887,65.13828228156197,5.444742606058075,345.6270370361589,31.17,28.67926542108485,0.8271099523091743,0.15744603635637536,0.0031831936305259864
42.41913561566063,47.65916353280523,13.1891933423551,807.702369044057,69.55,8.398318684183016,0.2720180554849477,0.17542078231914884,0.33856957956136075
22.005843641541055,69.92448182978325,10.880574003522861,246.34824724230185,11.99,17.441238862630456,0.26367489143342066,0.5662954889536342,0.0
33.11278473925637,33.94506924258371,1.688856997937917,63.25340889867959,34.61,10.354406318489671,0.2452063692971964,0.14132974066319176,0.0
30.259920674741537,82.3150501845322,6.11667051609244,131.7095352063551,85.15,6.501829208874561,0.11118537037709181,0.36954149997123076,0.3938161882699826
44.559465422715164,40.118671752590586,13.295705429402126,858.7449685295802,62.61,13.137583453153386,0.7174443747825877,0.7025597615313836,0.183300200466122
22.80097255420131,45.7450191429307,0.7079505254606849,633.7832847472877,49.33,8.59219062960532,0.8000276249962068,0.3354785332123025,0.19605252250835284
29.946389976143543,24.066436645624485,14.421249294630742,253.20116336997665,17.36,22.748326835856158,0.5913301620929591,0.7106464617441038,0.0
44.236760831884226,27.805854862489348,10.187438524793443,555.2958253281813,60.0,18.34313534178611,0.25055998534388985,0.6963736305656443,0.23960142059803552
41.637678147349504,56.11033318986297,9.47063966465065,527.5796224253504,85.86,8.595861774757772,0.32822239755270377,0.29666170610657305,0.512522395087498
40.426801773731995,38.73148737095801,4.058388847319871,655.4359784406613,79.44,5.231039710137859,0.4807413578919707,0.6830577440741964,0.3740318592075659
26.447570676123497,78.4836158019536,3.731876831087656,233.1875544216163,60.63,25.20392622560532,0.8634767612986407,0.6982213106176806,0.2848632214151319
24.272189684751645,21.028537205846767,14.130873292328932,864.4029871943977,6.15,9.404860154106188,0.2978810974541942,0.4179631405336215,0.0
36.71608049811077,46.536583407035536,4.474086813511841,309.36856208001285,71.8,20.155416055519147,0.6853167231359104,0.2683363869932146,0.4618866718080754
43.23439972818964,43.61418827383649,11.632579450784991,694.1316539762369,68.23,13.423047826918639,0.45155857863433624,0.5170166455134954,0.3293667068619557
33.919072325348246,21.35293416423207,5.8968269731061875,16.12464637221489,26.11,19.637148457875888,0.33827787868801745,0.8371180704001571,0.018489404549153092
34.2903172367475,28.705787930035715,2.0888110617705595,372.65712989414726,44.66,12.891340674558101,0.46473274961769107,0.6116933859456496,0.06097990783468103
26.999477341507102,48.95498724430447,0.16072946543038424,351.7098179588083,67.34,7.173489017306354,0.15696537403298605,0.23833799810180897,0.22022108677053073
39.23732332979842,54.50052091132127,8.163860055228762,543.4844285830145,83.51,10.573750213943839,0.73894989674429,0.6462055397868159,0.47899170406214225
24.676093713938084,48.30028230784084,14.636682278233991,72.7362617771965,10.61,9.70146416197689,0.29464154238637374,0.44176242182546765,0.10012282718529573
28.09198091010609,57.16563748884657,5.537042907138067,790.1313737261083,56.65,15.700483810991097,0.6803296985543763,0.5732230378842984,0.13019742660742456
30.635910965410417,61.659217243397705,5.357885009895672,217.78080176756853,61.42,21.457094585653934,0.15467869715855578,0.6872512280184864,0.23419273584376968
32.690259467111375,20.694667478948496,5.161374267741631,677.0378148820103,32.6,11.595151873658939,0.8640788449325488,0.5119578812115558,0.046638236259747876
26.060243310377004,52.486661161745275,7.8081575595728765,803.2121232440932,30.11,5.3017483825154486,0.2544119883245589,0.7511871796586469,0.028265908901728722
22.87092061848009,87.44494686213118,6.609973251364403,561.8769562415131,48.88,17.973434106618924,0.8061936609656644,0.6777244634533022,0.13528786991626737
35.265501061040816,56.33225960906841,13.198719400905217,740.8832067219855,63.0,20.1439872339743,0.7475785676923475,0.5920586720148086,0.2573214225210976
27.215763831006395,67.42795872212673,7.582811875852355,661.8603122150055,52.66,29.07176235004524,0.8742879392651328,0.22063425266588121,0.21632246160129762
34.530955535565305,41.83047005418182,7.616367572828532,355.52979715200763,48.3,19.736770077331173,0.4823125287565997,0.7687592887292547,0.16327383947435736
23.859067881855058,74.17939647069338,2.075573920808349,808.8585390335653,73.71,16.779313984453545,0.6819178350767612,0.8487244682558529,0.41345374807391333
32.02850254637043,74.10450373132807,14.74109311365579,294.701369885528,64.83,19.335040647442597,0.39656852563022726,0.20957209904743587,0.09189352210728688
33.314735813789646,56.490723335789724,3.749593363032445,571.2129177515171,81.07,28.197515746550675,0.24749459041575506,0.49059290354674445,0.4876316744993371
21.295588420560673,88.32096762954495,1.10046101189404,745.3977391415395,70.56,25.709453640041158,0.45446074634675904,0.3071109935764036,0.24577876631832363
28.415106954848014,28.788515033385735,9.947193734628131,378.95590981250757,17.4,13.0744683340952,0.23259921231076391,0.7036186459404518,0.04150490349112475
23.360366923474356,21.18633654227067,8.93049555235309,302.767607617425,2.16,10.931359091428432,0.8856356982291071,0.67730370880376,0.07378022610953083
21.584374261819192,73.91107482299671,6.2271848098911855,459.34601017282273,27.32,11.565840309151842,0.1769971929125731,0.21270809645631897,0.0
44.74900580974863,76.50088761554179,6.332883508210171,817.9634943491536,100.0,17.610525992880326,0.5713693787620964,0.8016218170093098,0.8102631498677778
28.058846124368074,28.414506038440337,11.775958815696468,929.9217631456647,20.15,23.601236280714446,0.6011710842032447,0.24477845118240182,0.0
40.24686114636587,38.590798307102425,2.935689601494736,545.0834128598901,80.94,17.580480179574053,0.5304636342992434,0.737807220518486,0.5376766462560413
26.366016369094098,21.228665435664023,12.303799784173346,661.4662053236518,10.3,6.694909895702814,0.6297487085694669,0.4655842877024039,0.007165176349022742
37.03756805559823,40.53160275463953,9.731206708425272,903.2736222389142,57.31,23.089517510999524,0.19294462000951276,0.362617834846521,0.2697320311973323
39.00569649724216,74.119931174307,6.2845466066928655,98.54685141294239,100.0,25.149253216773847,0.5440148193642329,0.2265914101393708,0.8039403326847355
34.89096851519611,56.25723693988053,6.870429248758029,232.07857786616503,71.58,12.237446627992991,0.3297700569018892,0.2340914049173035,0.3008972606326531
31.78940471375396,44.36669152178017,3.849708107791437,708.9000062515825,63.73,21.60314348208376,0.8521408506408453,0.6295124437607202,0.28428498939131874
30.296022853681713,46.02175064344312,11.281714990454622,823.7444619122997,35.52,15.664797526359834,0.7096573227517806,0.5403443103576965,0.10044804790464668
28.721706663574885,20.09475380008277,7.693121134579016,857.029028330578,21.27,27.22798389318607,0.8780115857277941,0.19766833732098618,0.0
43.23822860619565,40.98603692956651,4.812818141247654,415.1071768549326,79.93,26.130638954018497,0.13004485579215164,0.19015828835066018,0.4167946947171203
40.76548519469323,65.25211191465513,8.940751736414253,89.33990229186684,91.59,18.135799957741057,0.32810654014456697,0.15784845981823317,0.5534955756239883
44.12567276666282,88.193611067145,14.936016780769846,437.7814772996199,100.0,22.28763864533986,0.2563380693106792,0.6950138778988353,0.8275579910749147
23.10743058713862,79.29425788887296,6.528934194848308,230.73459020705377,32.76,27.083742525552598,0.1089236698494644,0.6695056681834314,0.03959210840137372
38.27168688009111,21.651647525187038,13.810371011679294,291.19645499662414,42.12,17.39292525195689,0.2938605841970572,0.14674479268366014,0.026592821416570857
43.458511420525944,82.89924232723875,5.175252598868491,772.2675568375058,100.0,12.83126851222055,0.6430207868163431,0.5482160604775784,0.7645948509215436
24.530826654141503,74.82388893090382,0.8209906038747883,75.52708602588687,47.22,23.84165344773953,0.2848711377076548,0.16774092419415193,0.057223682341676935
21.662406684169436,74.62632864996863,3.063631595526433,827.5812174807021,56.46,10.501656369617294,0.5072027563860946,0.8229966164871534,0.08806175193227085
38.528016232251474,52.05970313025,6.280427149915263,427.6690858241691,83.02,14.71327870015105,0.810254491971999,0.825693935344106,0.5660586185162886
34.3618278294978,47.8603705068152,3.2945239289185353,596.063931100595,75.62,26.643180927669842,0.6550063362792602,0.658586391850504,0.463894736630464
41.0457194189568,41.204101018323485,0.0034055732738330624,89.652231235679,92.17,23.110558506732875,0.4157032559248256,0.84095113715156,0.7105483157643506
23.494309415657238,24.598640126805606,13.72502306621291,337.35907835727966,2.42,15.095275131187481,0.3979751511296866,0.7491624243309525,0.06521681784399334
39.88168279649726,35.976475444558936,12.658191168463935,89.70091901484578,56.61,10.368612560208934,0.46458865120678783,0.7628308607416395,0.1483687680314425
25.040683001193614,37.262254448461725,11.134383472304206,961.5437228811096,15.82,13.899209770805912,0.2416331528479251,0.5557662804559466,0.0
24.091398571642614,53.88539487971411,2.5172189346904297,807.2616493262504,50.17,12.102603730685825,0.6072006139327905,0.3448473585729407,0.12548479125398818
24.106644948274823,72.32110846176857,1.8054536431497907,459.6327543564602,58.41,9.402232198596348,0.3913222552836845,0.27423929209313724,0.15537346812155195
40.364368005784556,53.166687987856264,1.0140712420857474,223.6025483236711,100.0,23.583322839141417,0.7818922794096349,0.3617600176311434,0.7866552109785561
36.629930517405,24.049111461301244,10.860437831593819,933.4551052498522,44.97,11.301747171254288,0.7052421280462531,0.6027963440712496,0.10064127482874857
33.076635619227986,87.04528606917427,13.932119410318279,344.59659572697177,89.22,16.354186754194096,0.5884105312737281,0.23812522866591915,0.5205629067367779
28.970762103087562,85.99070233658786,6.458037313695555,160.98443168737475,81.39,14.646486170902726,0.3913617781196129,0.3069121893098573,0.32796107728184454
41.930013520327705,74.9632680203886,1.7871100799407225,563.1643884539549,100.0,29.55193446589077,0.2679454653387875,0.4744486902363716,0.7863131852358577
29.811127685565886,89.39295310949544,7.685892310981599,943.7741203448161,91.91,14.777306103705513,0.7209214912844983,0.28644007881969247,0.5502639376832029
40.41498598678943,58.113763296018405,5.232478611879452,3.830290500322575,89.49,6.99956206991887,0.48912727919286925,0.5709149357728494,0.5461935062250853
30.97837271425546,87.39378451772443,5.6223738652499655,238.12484325399873,94.84,7.245643814302101,0.279800030541886,0.8385408227650639,0.5944263520659746
29.423610735622688,25.292352843172555,9.31995936233561,938.4476404104076,24.74,19.76884303382662,0.256139692032005,0.6984714925625012,0.07917505106557236
31.56699464174016,45.59765237829599,10.780771698933036,171.08596685716205,34.68,19.984088793456642,0.23232072360108724,0.6331412913191304,0.1342374621473051
27.534446854103553,35.776688760473604,1.6590539830974127,113.24345163981985,16.74,15.468974762066374,0.721728956964476,0.5661771807870231,0.043099096937159666
38.69023450440628,33.708315889398904,0.5338534620971458,570.1872157998044,91.86,15.796092307800741,0.28318974824024934,0.4903583274056519,0.5058344362409792
32.56800975231198,29.856206422487325,14.914954540285724,861.8438232948299,32.06,6.34831457102178,0.521313810820158,0.24925108770772778,0.11354872653585238
25.80531737867043,63.56895490961976,3.4909252337332775,477.1098176939261,49.59,17.913662759731558,0.46123708877844516,0.8157683643414925,0.21922668314173127
42.48936433186421,74.69252990231135,0.8074578736268861,994.5642566845247,100.0,17.61848688450879,0.5636887193826271,0.29882880161026903,0.74777373294439
29.597280534330284,60.480887959425246,2.8481299364387995,679.1716995379928,78.95,8.738732963923614,0.8017239202969554,0.1730471020625286,0.45630853986228304
33.58882152784972,30.28738967117468,0.5843676952269633,74.07490721044773,35.41,7.59598465277319,0.7941979120653845,0.7000121433829561,0.030224303899066444
42.661802774113674,76.77866389534296,5.877163419257575,992.8321316819754,100.0,8.089312264987262,0.4608608574598877,0.24049242746493313,0.565819444429492
35.605949897849804,64.51682950146099,12.036026766769863,407.89423678019045,76.15,7.5257061622814625,0.11229300058777865,0.39751679963294084,0.27908476464859133
22.9224510177091,47.171599428889685,5.118666746365809,287.40253384548254,10.21,20.242704888418995,0.4411550445714426,0.12262794263278379,0.08886170375462206
43.49580309033688,67.18912068752441,6.6627511031754985,557.8791835778856,100.0,9.912066310072966,0.5849548299393124,0.20965435403235846,0.6107178234823301
35.692701326785446,38.193348546998294,10.133801603511582,304.30759182086433,47.74,11.285753804686586,0.5462118072784494,0.23856290460792967,0.10909768215905727
28.372640366427152,44.16345459459474,7.633411051048203,86.45750712015231,21.63,9.339303603785993,0.6210688846401644,0.14352810220014237,0.01643706418427279
23.48180181658468,84.22400901923932,12.921685290319862,1.4283430791767193,18.42,28.945882611212575,0.2232605859784668,0.6253255652982761,0.0
39.8506297317574,40.33531539699943,12.990535125686348,449.5833529202623,58.46,26.365436578795887,0.6172280790245861,0.7696062366424938,0.20876353233631334
35.50181889821284,52.89917877105556,0.14866043236730464,836.8634222265923,94.52,10.762370933788022,0.24612129499501778,0.39865232509275284,0.5842272195296245
33.33652729940804,82.30987961772102,11.670694597247987,572.3151856300766,93.17,13.18915734805315,0.7004191845573992,0.7996611813745605,0.6530510555384843
42.347314576273945,69.54049451872692,6.911004003625108,999.2072989434408,100.0,10.24732105762493,0.37127009061014404,0.2706772596481012,0.5935046513978398
39.714930280613274,24.35422583152919,14.832608119554946,286.8466456472,49.73,17.296898986520596,0.6679163467051629,0.3603123388489916,0.14496048469301284
23.79187199331878,30.311213099527926,7.2484811381315275,280.45506476005534,6.1,5.4902633118563395,0.13829247912488568,0.22058959442493473,0.05421094936918912
27.793051694888707,20.54891135403418,14.803439180824462,159.7494602339442,9.48,21.784200222419894,0.42628802047273073,0.596447356335199,0.04568851758476587
26.212228495361643,64.16452531604143,11.318540418086048,164.06358826533517,22.29,18.07895374544104,0.6640276178106662,0.4358956726962455,0.0
38.598657314316924,51.33713977872928,3.7290732691995947,285.1865960100478,87.28,27.465973207527583,0.28149641306519535,0.5906266774735189,0.516695491709764
20.838310868394483,29.399239563159288,8.075924689304365,792.8400452735272,5.68,9.109817108210354,0.7362296358377781,0.7093399243153469,0.0
34.24724212178291,87.05538847397393,14.88203459217874,905.7567906364478,95.65,25.102731151528292,0.6046237864839455,0.5365624128263587,0.8286823546485482
39.06146714351726,57.076180676193395,12.862959116278855,975.0871697076813,78.6,24.799025361667894,0.5700494177198386,0.6021042839214303,0.49299215193331336
41.91914091904374,36.93253058790224,1.4605034068683165,232.28965409645264,80.89,8.179529730422173,0.3828390833634697,0.8482002515154664,0.4701998587574939
28.55204371789769,55.04224998082953,10.595579952149942,881.2975456140916,38.21,14.96398060360319,0.4859611763048941,0.3392514476870745,0.10979179771399117
40.531432616800316,67.57342329145754,5.183693788062196,328.25508927733705,100.0,9.253816028612922,0.5778794407822825,0.3873311509071625,0.7275120237367655
22.76579342388018,25.336745258149513,0.10473392820522176,112.8405445168844,2.05,11.368012511438723,0.47796969113191234,0.6741626893674695,0.006075471521599054
41.16130729336295,39.22926705335244,6.052214535404994,870.0249255201657,78.55,11.58115437076361,0.6586506591524481,0.5890444136443094,0.4511040408359324
23.18721655829956,76.48758436187956,3.5213163258745697,636.1056346436186,55.58,18.90590985064432,0.4469575464855676,0.24282632363177187,0.14069808762513797
29.93218226400918,52.176540928186284,12.283039057807073,164.73089608106173,31.79,15.285273294011638,0.26181854539362426,0.40091784800839214,0.0
39.932384144488836,58.26039994226064,5.059959132686482,429.8312575130025,96.49,28.693320100157635,0.2711470262408378,0.47427041049977203,0.7706233920452579
23.747935683719344,50.29712015466285,12.412855409307257,287.25769487706765,10.74,8.159253548675128,0.10464301507435288,0.4355118703747115,0.064288890846085
25.731284880816037,23.07299598501036,0.008969082521929628,736.794568710197,63.68,29.34230337125497,0.34076617244693796,0.24261984665763264,0.19750657830998403
38.05631420982665,31.602484587410913,4.6172872503917874,453.41623062426805,55.78,10.7659660053566,0.6991341123828156,0.8395440734274099,0.22759735237869058
38.00091341365186,51.187914711932365,3.6174782146164293,989.279945106385,99.43,24.321848409546327,0.7353301670700877,0.7098550093551806,0.9504905512981066
36.02869082213243,34.64298257855495,3.503510416029165,54.74498225959512,44.85,13.474248154320534,0.2619740336766,0.48508466568628184,0.09444027239309827
37.3487111116775,23.498532006177513,1.0227992964819403,355.0152661362467,54.52,8.577034885432848,0.8672351974971262,0.6440488226454693,0.13114218783540116
33.56811108368991,79.05547648362767,2.8068640561575258,481.9001671099774,99.92,26.447229631156,0.5019222347841014,0.8178261377084175,0.8786805485104049
26.294976472673817,88.6834770414881,8.333243548284297,503.1335547483198,64.75,12.721522480911581,0.8335829992148022,0.208939313889257,0.2225240175488296
28.642399837597985,75.52000117977175,4.370416092566167,315.93582238563675,74.73,21.471385105671054,0.6654122254893049,0.3002984405655822,0.34958338321634735
24.539942920035642,79.76494451932669,6.260921734937219,729.240249097568,56.69,19.161092127165666,0.6779467384179305,0.534160997805316,0.2175497390732242
42.71126403334071,36.938399122193175,5.653003205207828,874.7470734889747,78.88,16.793907734771857,0.1680348970448569,0.739208297081887,0.3331897378895791
34.584794869153015,87.24388828592399,13.13857387499842,938.719301977863,100.0,17.395486816213477,0.2759929015175445,0.12900391635322192,0.6045229886640935
30.021285419090997,33.78479931173999,13.579484985157732,805.0933767995261,26.34,23.305947852307188,0.10705186663557811,0.8872145201570885,0.029611103018981257
31.550145091103317,86.60008672532825,7.394354574837901,850.5801973065994,96.39,7.194322853086014,0.67290211238139,0.4639252823059178,0.6542724728991303
43.68208349029538,89.63735057761657,4.952339254734066,550.5453006199955,100.0,21.70451654894763,0.37555063074280803,0.3873849124973784,0.7763148373310089
23.833785077902004,69.8205964022234,1.6020105600354544,825.8882264268146,73.53,27.39530253496447,0.7293220128610775,0.3341795502718175,0.48420308750284613
34.65574580041993,88.68006122542754,14.301043190731425,303.50390914795224,93.88,6.444704925496604,0.37114897594962104,0.23948536612069732,0.5471084101289588
32.64721697211165,59.86778456969726,0.9034041735044618,398.4787621092144,90.87,8.516333480841668,0.7554670018390889,0.7332591271440223,0.6439433654371073
35.28635588586619,38.16792482232633,4.464754163524207,316.9130138185443,54.59,22.915798417550786,0.20455860299865042,0.8643313317968773,0.13025492463943159
20.452754595521014,50.589711996593465,4.470993017550063,467.3873354479254,8.78,15.93204120611544,0.23869852540600656,0.43091580387631856,0.04001103429459316
41.803097723603784,61.54926547651502,4.806019292103223,285.5796162386364,100.0,15.088715520342209,0.3727012316671492,0.8619365558027651,0.7594675616672346
43.302957062090314,25.115709341891048,2.464302649086139,961.6114422544468,78.26,8.424165863605896,0.42678991110581865,0.7590380923480273,0.4012810850418758
34.12832958973022,63.56402852320723,11.747421463855458,312.84462800566814,67.67,17.669251017944703,0.3789622486743828,0.4848409019810547,0.2760867875534475
37.4162705969223,88.68244857336062,1.8374679294898382,98.04453811093983,100.0,8.163632779909431,0.7109176260185759,0.6392209433009062,0.8085937156763533
43.062484529432396,33.307535484860935,9.523599887297442,526.8171660504134,60.0,16.91551140776351,0.17756111410137176,0.44798734333637036,0.1315406284379877
37.68096585783496,75.48165814018682,1.8576904005872619,57.09907844517637,100.0,24.090382474041416,0.38097361571079047,0.546978726570042,0.6856334694383157
23.813476072856535,83.55291556457335,1.0580345638943482,110.54316630858052,53.74,11.456608947179088,0.7697919996123676,0.14643706961480307,0.14045041988283813
34.407209004170326,86.05911149741546,13.641442555288148,219.3893891962463,91.14,17.019654204493182,0.1534376618097376,0.6570107802404265,0.6063058024732771
35.1678761595714,87.2094923083813,2.851931494780585,464.35024988214167,100.0,29.800399234920892,0.853874806137086,0.14225971558730938,0.8557029752818404
30.60326678255965,56.502174710503034,12.318752318395564,433.2509323090279,39.33,22.16626058385093,0.8890534738176104,0.7536679575357196,0.14835360641713857
38.411105890618074,88.41155355940526,8.169463066607037,799.6918620027911,100.0,26.033919282629967,0.1708545390600641,0.759957543568446,0.8350499079874597
43.35917536922537,73.01171449941072,1.1678477941315442,739.4746538841134,100.0,15.371190164013644,0.3330180178045896,0.2896618300449717,0.6676841616778655
43.13921282266941,31.317000536587333,14.331722871571012,426.3182939907013,60.0,24.19652307814638,0.397920532828285,0.35893022482864023,0.09979622370069259
31.270984285103303,53.3830074527579,3.704417504878388,333.7042075756299,61.8,6.012729323533046,0.7211130949221809,0.4850483028466347,0.20461146610053657
22.830951146018883,70.28318227604028,12.894680180289097,316.4687840614986,14.44,8.072779563556125,0.576741449693387,0.5773303255459852,0.05715778660778071
44.62102997405836,37.31382210733584,2.5321500867684628,773.995087294009,93.33,10.076764823001554,0.6154925603940539,0.3298829293935974,0.5770069697774949
40.972452161148354,64.84306284842211,12.809143232127793,52.07240622126974,81.98,15.048798115380489,0.7060078582548048,0.57398912370554,0.4835559114869427
23.116567030081672,66.66203353326335,0.19843219357940978,12.821649510605827,29.47,26.14362195814408,0.19438319954962058,0.3382296585834391,0.05662516155760421
43.02104706543431,31.38898206659961,7.67670684854221,795.544391926648,64.11,13.656651269698262,0.7665675655282099,0.14439257685684856,0.18871021047434672
41.747409051553205,59.55597187169294,11.541638691323351,477.1463759890493,84.5,21.365529837886573,0.6644958433441153,0.10202203986552716,0.5282980253098761
32.97095142815181,74.01388376850254,14.02193276239175,130.88113855357597,69.43,22.732857370087086,0.5618733801570962,0.1809208463347429,0.38831781192428216
34.78188589362323,54.92269651751593,13.638032043097306,235.56593459450127,53.71,19.654558852208535,0.8117882678264453,0.7338005601312146,0.17378359726428608
29.975067596753256,20.84721817432752,12.294373043214673,932.5039530973826,21.59,13.931049204253405,0.6602450831070457,0.8691450499066697,0.0
21.369040970550785,20.63269283555045,13.322870244919562,859.502975624898,1.02,19.426333542838606,0.26135997010482037,0.44157295942497543,0.0
28.379931041147522,44.99205407790085,2.9882952875561477,709.7850502239726,52.43,13.556639819743655,0.44379630486053345,0.5101471627599542,0.03477360797136386
40.071336214950286,84.83358479022473,4.2627644356759316,482.22523033732654,100.0,7.096843463800302,0.4952342935485866,0.21747853525874092,0.6710643772785986
20.11580057511507,36.007374572252616,4.334527873815878,520.3236261913858,5.45,29.82009945465036,0.14417410140032452,0.5408250821441256,0.0231695235211126
28.337479292278605,64.40545822101811,5.655808965025482,975.2445352839586,72.54,8.179561340812773,0.8637100106880446,0.2157239216055815,0.40487200428876785
29.954217339773585,35.54531094853244,5.899810055777831,965.7704438842871,39.46,6.808709595901433,0.2028618086375028,0.588971464959064,0.05526378738002733
33.434890073448074,42.5168992761684,8.168329869820132,215.26904578583427,41.22,26.963268730178896,0.6579690137813815,0.8466069340646831,0.11919547661376824
42.99639041031901,79.36294627210387,2.398196450496621,811.1045663053181,100.0,12.545866522322378,0.5049848288727041,0.2565588314424317,0.654806254076791
28.65864985914903,71.02030095889629,10.36869995678984,197.2426661670168,47.52,21.25742435183769,0.12050579990753807,0.7116509744456816,0.10150207158639286
28.673830047405694,26.677949411924743,2.513498089567597,213.5374778839514,17.87,13.225143241555822,0.8397979806914894,0.11880193825465923,0.0
38.43753120274371,50.00914146905035,4.654627231568213,676.0930341645768,89.6,14.78635676986178,0.7814694470551465,0.40039779305729684,0.5798517749173734
31.30544852224518,22.041883455168513,7.550176959092311,405.0010985875484,23.66,11.552824300419912,0.5194063423230685,0.18859880626440725,0.003338149821625759
25.61512057349955,53.66231026221063,11.94660842285216,931.5444071065202,22.35,13.576100144825254,0.28315386891155625,0.38198035327655955,0.03126111098313858
31.310987903317333,66.37038081907477,11.092038498580909,89.00973489600884,55.45,15.267510014663578,0.1972983125440754,0.23882953571110682,0.12158083899229905
23.521425509494996,28.29518365187061,9.683015346157834,511.52564080949304,6.49,23.010401727308572,0.3907139835457013,0.3986439920983099,0.004995438709726866
24.409674662655583,40.221945723641596,2.3365989087025523,918.5215304431213,43.48,17.788404855869793,0.3043426248368724,0.43401824488602425,0.07425026994128804
32.45919431848699,47.848563785150986,8.205680184233666,904.1136604795051,57.97,28.589130428924424,0.505352960805039,0.3404728982247347,0.19258523395623448
30.473136237613698,84.36717172592348,1.3116975269982816,156.52921341574122,92.46,6.047009845969388,0.8731274368987432,0.6252975595785033,0.6329302203890655
42.8711475267025,89.52785107960749,5.660447651949761,366.63770009645646,100.0,17.5767080658007,0.5599627945837131,0.8350816410071278,0.8284608662264813
29.059847477915827,23.14379092969311,6.2027479543493875,619.1214000466963,21.79,19.60561972079295,0.8119448447120784,0.4204762992842179,0.05613472480701659
34.51470875695109,73.27055464467745,0.5971715916863074,159.3948847714022,100.0,28.004924651856847,0.6207030699966218,0.2538745251800172,0.8118539852490497
35.80660719798826,46.02068464816402,4.109821492049577,968.0221720457387,81.6,6.228963090535689,0.4801972212697604,0.3165782065567867,0.3801135671859786
20.327361414708342,47.472073036063605,14.33474200899734,914.7493287276603,5.57,19.3374896233804,0.783686050186697,0.7832006587970952,0.0
36.58843430041777,72.7985481342916,14.304489117445343,166.9501790344692,79.87,26.340748213198925,0.47709448813839805,0.5573117786161184,0.43789535972615407
24.450899171743785,84.2898502501786,5.2849058137880895,121.15546126098542,45.65,11.048193202980915,0.7949025364082888,0.4640088258455658,0.08936305090502211
44.026757936736374,86.56500161517839,0.6465016342248608,85.40848280826529,100.0,26.907308713098438,0.33326141566061224,0.21970937720714137,0.8638856126711476
23.716568193827825,60.39858102268246,2.686424089922723,909.4436640366312,58.53,5.4760852318572955,0.2030504590103905,0.45978184665902555,0.12103591197313382
30.365603093175594,44.99848115103519,5.883266901503102,193.6238097954608,31.73,23.311365728343244,0.7842515714903507,0.32279360268590934,0.03265417961601671
22.133741701966095,75.12843601011454,14.216695469538447,416.2849285443547,14.25,28.327830529216325,0.5699321310341334,0.8545305022826793,0.0
44.92185629614868,37.57009682836102,2.117985953057774,448.851365652003,88.14,21.429941541001554,0.8112739185991681,0.807256087532585,0.6335821523757158
32.554875258281065,59.485182018346244,11.452737655023183,599.0110442135675,59.78,15.975731099511199,0.8502617655939065,0.1671220334625584,0.19318509715724022
34.88462543300109,45.10049230674112,1.6302380906203813,71.73534374742496,64.79,6.122025411817951,0.14290271229715934,0.5133227914089943,0.22995460464679535
21.676911934710688,65.96417515955133,14.718863660869152,226.75861740051596,9.21,28.002845333065718,0.5007754414870947,0.28004667641173764,0.0
38.749011759979446,36.82792390254548,5.724247486637025,931.4903869189261,69.82,16.757405567289368,0.3999716392596234,0.42862167161943254,0.35165772267228435
25.247639827389644,33.4115062014378,11.62851808348584,908.4101072685695,14.14,5.7249186083987,0.6006867176560937,0.8014783986011652,0.03725656922898653
42.45135723601784,84.2767360672806,5.138866242166977,781.2906474056922,100.0,22.24552678321905,0.7348729577618588,0.5220116159108359,0.7746926186358745
25.12849101205018,27.126257806467585,9.41503315738213,19.401245618215434,4.42,17.045931339406454,0.32447217277949514,0.36737223469660785,0.0
24.767193016591662,55.41705354144521,2.8802412711005507,327.0067684961021,31.48,8.108632936060268,0.5454387074985373,0.26631068328399765,0.0
20.913741696202372,35.45969480741063,2.190315289454438,627.9587353429079,14.73,10.35679523275649,0.6669828639239197,0.7402598875251915,0.0
31.80167362774998,22.725097432796723,14.070962093521969,275.1902117734757,22.17,6.612267011396157,0.20754486626858723,0.5996144122914777,0.1444081004451921
34.12102833156541,22.52131728039985,13.764709168566501,909.5866950537774,33.36,19.35733849271434,0.7512535247610135,0.47445236834098503,0.07941507426893628
21.642715985708808,32.265524047407915,13.312034103193236,633.8894618324418,3.09,20.550736981300233,0.5848876798823784,0.27398748309038246,0.0
39.38819041737526,80.67392481542001,9.381501752498902,71.9067173164456,100.0,17.643557458886107,0.8596299496909214,0.3673970993257051,0.7671949985000208
31.332220868700688,39.77351207839187,12.124023168244173,909.0055888357031,35.83,25.42755332506537,0.3716231353045546,0.8678747413908149,0.06307600864446374
33.1097567331895,86.5321419402707,1.0355540536706238,957.7666581762226,100.0,26.525220532700338,0.18651675386975894,0.5160719500846674,0.7949072868594044
31.019068673455706,60.71356050924355,5.021835628360187,77.71241839172549,58.82,20.390609917078166,0.5052009608295402,0.4205594249946024,0.13985302696559912
30.01907652188315,50.562993283813626,4.705546871357344,532.3602348613149,53.31,5.318911992685764,0.1686486173675511,0.5171376338786592,0.12570451348069825
33.99100828270545,60.60621842686182,9.5346798292892,303.36428221417043,68.32,22.38074139369339,0.8756212186592055,0.723190804719687,0.3071104225203873
23.88100614826781,56.168886965838745,5.339366602059608,392.83907648140234,21.53,15.449980423008789,0.13094796660575325,0.372087149202295,0.0
24.548203262381776,73.11433776301277,2.2276017246552122,179.65121795534188,45.63,19.138937080659673,0.7028031208858464,0.2429648967460871,0.12120068624432306
41.54464052533793,39.774724618099654,8.947006131203155,578.0721020124125,66.86,21.22701505047211,0.5200819185137953,0.5679488946712382,0.3328376435945942
43.65288655334082,44.713527412021165,12.215758810036222,957.9793532488906,71.64,13.75591535817692,0.394896521998631,0.6321632827848538,0.36601175991847545
29.332732906993826,82.58660117732755,5.7318524168995975,503.0726002716091,87.67,27.927462629294855,0.15267373160692374,0.6701744023668397,0.611363672927093
26.768616828588844,86.25195592052839,1.9840307264772257,82.91458139448116,72.99,8.34937166874453,0.5977335393388862,0.8055900726129037,0.32385281247363246
36.09998858097539,82.4790759240532,2.950322959692346,620.0013334774084,100.0,21.787795182025935,0.5681762635127642,0.39693929655129045,0.8257467899629564
30.21835427745241,49.36135957701195,3.5622495775407597,340.222994451257,50.22,5.108989498914511,0.3247066184540798,0.16028391698311345,0.12390618741037238
20.63465889150862,74.62558521048172,4.498463894918043,855.9251895912978,43.65,28.11627763512952,0.8281773611282497,0.8666788669047538,0.12523561025887267
23.90381493415476,53.343501331076915,9.641926057594636,434.67814831647024,14.27,7.812603330952287,0.34328800587426955,0.4480095419499802,0.0
37.89930572118494,54.82778965022715,9.014182268065785,192.8396089422456,74.84,7.372105753689366,0.4597803284736849,0.598606007738505,0.31816843905966546
36.473098547753786,34.32760763400988,10.441197923505587,191.10562269114496,46.49,13.325190826306105,0.5350099647349246,0.6330442585026338,0.11628867610611787
20.677399812587087,61.37912122809615,5.4375297679726975,768.7641807211604,24.4,14.339157150977014,0.18018550254102889,0.5372109669609628,0.14267397439568158
25.549304048323737,33.029512842734356,12.359964778199675,265.5875983073599,9.17,10.357501808071966,0.8457293753709059,0.2642060237890161,0.016935089706974035
25.776869914701784,43.20952893470356,3.061314917336404,767.2333941592229,39.92,19.62804152317812,0.3996289219608329,0.7041144400929132,0.04962976459651566
36.797318589968214,79.85211411339546,7.035611212772309,205.8873107665994,100.0,16.072852451049087,0.1646233710994749,0.7430015794432653,0.7016766200065995
20.492763443859104,34.495306644759864,12.014080823121455,321.6863687013094,0.0,5.854389726027185,0.40983293894026396,0.5423804688139519,0.0
22.602714549614348,24.981079962140296,2.702379715989289,465.4869724396994,7.98,12.991301556382517,0.5801620376740646,0.4908489284678733,0.110208919610065
39.997902134329735,24.830531482897143,1.6479467061117443,943.1958496934507,77.06,25.26082283932926,0.5109221374570637,0.19115054650238827,0.38336139226473953
24.463616551358342,85.85491643521755,13.255259515319846,931.7314247538246,41.56,22.242538371546715,0.6556335792298192,0.16716132919982707,0.1312723644506452
36.318652696296866,55.484430657328424,5.143944941387939,206.8718754222878,80.22,23.121771339497013,0.14438715365432853,0.371651876450823,0.4028527584449312
25.954569526168164,48.65884502719128,10.25805187363548,358.2190412430728,17.59,22.45292310208809,0.3276324882176449,0.3486769244139146,0.0228064565297843
22.48603481898363,76.76150067055428,0.3802290639590772,149.39938845377233,47.64,12.774325534575832,0.7553844614720818,0.862925160770617,0.16927884425579653
26.07930477498635,78.50781495373613,10.350703326141744,509.9850793134971,45.01,7.4915980519193965,0.1639149502330887,0.7268981939547439,0.06431282498149883
38.05667329639148,43.25337231809232,4.741519673204558,460.58255069466657,73.16,11.8116796008274,0.784388763756766,0.6279394362072479,0.32988528614467894
41.39241170265714,68.55326402316567,0.8361128038116261,900.7601624507324,100.0,25.794632504628982,0.173516873661685,0.514118471214084,0.8580530031516583
40.75549661417479,73.97859710963206,9.147191423221756,930.0053777910726,100.0,29.511769944576777,0.767563371913357,0.23389402458132108,0.8961933871828368
29.92958824046137,65.82554808061681,3.612057241097599,383.5673910072921,75.01,17.346175368539033,0.38863072086298134,0.8827653377474272,0.4324696117615528
36.702128414266156,30.611655236006957,5.8021086307782,491.7379430189894,49.69,5.242508873076056,0.5897672506057726,0.400032558592168,0.15831265034170489
25.124607385395525,81.311815846194,1.208712184297704,896.2362491461331,80.65,8.501120303355727,0.22230969251839855,0.18554048195779585,0.3838856436940336
27.328693256525334,57.73661869152061,2.20744876642418,806.7078077450615,73.89,13.052014382906645,0.1529349773801447,0.4950391165725969,0.4219983937841473
42.40839546302799,39.77306984590026,4.4696585324376565,3.6563113446492768,70.88,19.464633714823744,0.2727505632161081,0.7991984092904666,0.3365769021402535
20.3250480877684,49.76597298063857,1.346392508402357,320.0595641835825,15.63,6.877341145132849,0.20228305432695645,0.8098328014218635,0.035601338609
22.1377132713617,22.629976327923515,13.662393970294728,421.7742419361259,0.0,28.58393246774704,0.3499247181437054,0.10877273284515782,0.0
25.197156378650682,28.950676085569228,0.09070564775967627,229.71628368323172,30.44,14.127091832110018,0.5115065972088162,0.8090365958011198,0.0
20.663305096845495,73.58827253611025,7.257903282964671,199.57161589593875,11.85,27.814605448120577,0.5710075708520076,0.31718737399988683,0.0
24.535885877244933,20.00081443287563,1.8487118719882716,37.784506595679666,1.55,24.513045068925543,0.7318944859037944,0.13117789117473846,0.06372689495194979
34.576039024242306,49.15960799376045,4.615186342169228,643.3697250697605,73.9,23.885931812889527,0.6249919145986869,0.7782322162902995,0.2806849829221164
30.53561376481245,56.57571267599119,13.890893397273983,262.51029048316565,37.45,20.1679894945558,0.5870066601036424,0.7910934047905667,0.052080382918032936
42.31679277692437,23.82440940006806,2.4254182991098028,52.34717843131309,55.67,20.669595426296116,0.4294256219886198,0.57698486387388,0.032703111465990614
40.436089043461024,88.1154714080633,14.48748479577499,230.97931052806365,100.0,20.950080880406205,0.479046747968111,0.5595470058370867,0.7538918741660598
28.5454337924469,35.82877318747703,3.0869156548413255,801.9139528361266,44.06,20.71803467563955,0.4316166635121449,0.7504962180971355,0.08052811717016671
26.485585835782313,41.293910374539664,11.123491627002444,851.4891816465466,20.62,18.843205784959032,0.7737328240491065,0.7290476421682238,0.08567481326845683
29.49231020418167,41.27597585785192,8.200158973459676,483.0662451933027,28.61,29.660350462072223,0.2840003620387199,0.8120843787541633,0.057577894618731265
34.75737356287019,36.1291663482145,13.267180913951387,416.07067040868617,42.17,23.307264185642403,0.1045767452335717,0.5421979580773628,0.04523028664256938
26.701591020571907,20.1031675460418,8.309898832546963,977.8536935017818,16.99,24.42365970981303,0.6210559177809915,0.874117674186247,0.06385313744346263
35.60372269622835,71.05413558615975,8.01838828734463,200.5646595880699,91.29,26.811570377091854,0.2619697469110651,0.8969174647466708,0.6797693567628603
30.23529130478101,87.67918498594997,2.9318700055259983,215.35928285460847,92.68,10.39099406814623,0.8120921090478475,0.19323568799890609,0.5973228125443034
33.8011795212995,35.700543829953155,2.4934404307748808,291.86717703639977,48.95,7.095103977376519,0.7872370637653249,0.7796350076432977,0.07101771249739976
30.903163228382915,66.41330342623957,13.747337266732714,172.75731828108732,47.55,17.072360914964968,0.1613818975425647,0.4998578061988712,0.0616640053910145
27.361643988547943,71.93274288711007,4.917572982750511,379.3655982041866,60.86,17.85201739048183,0.18511072433126188,0.41005307063986574,0.1634083374096842
43.71133267405392,79.38977653633674,5.581233824443439,910.8342269897538,100.0,25.72954449874794,0.4961372737973331,0.5904578479061721,0.8368426285715549
39.09014485399402,49.584043790952634,11.397354876425826,615.3478406285743,69.58,16.094589482058392,0.5873781302154838,0.14477244580960563,0.2934971185746671
23.502829394161314,41.205163394830045,5.0823522363421105,411.94654861226365,11.79,19.27132563860782,0.3199266699857926,0.5051688950136639,0.08079501670509281
41.711699397447816,42.77065938161218,14.280936699585041,934.4107945712148,60.68,18.176773462836458,0.6734381733594965,0.7967124560213333,0.260671964182757
32.18577995623784,69.88349331689591,11.068916534982005,48.46423247582232,66.19,5.955069593934777,0.5759328167350972,0.27076921291117506,0.10225931959242726
42.363805672352285,77.17456265539452,8.961438638601301,210.27617790186136,100.0,20.38037241492285,0.3598592877988438,0.4411119158155401,0.7691469293685611
39.996381398682885,32.71297774296219,13.213427408171286,565.888605101759,55.51,25.701082144356306,0.12029719043385248,0.8515847101719004,0.11509165767245846
30.630337611730837,45.96587057104357,0.7440886252422413,615.5526231931792,83.18,8.937513701895096,0.7001202250388142,0.44285107024455783,0.4129998731941429
20.561732708002936,83.1358137724405,3.8559403828381313,39.55750656261314,23.72,19.858293348164892,0.27180293266006617,0.3866941058659187,0.0
26.71693398462365,76.46854637863174,6.975545013313649,403.03875790713215,55.88,19.84026361116036,0.7675789947701027,0.4524293184987026,0.157134613833428
33.54085536652167,88.94008819337331,3.4046780920728152,649.1539648308727,100.0,9.10462410140897,0.4362322080434041,0.515562213214045,0.6347091875959954
35.83695549565368,72.79737817774566,11.158577809532279,698.0705464034016,91.79,8.0865893432684,0.5616619541054123,0.605593075305175,0.598631824414181
26.447192135830058,47.523664071954556,13.788120465805878,638.1399025162693,19.69,29.501298574412118,0.7983589843272015,0.7405542407333849,0.0
23.483901851820605,61.344648379624644,6.356551798963851,320.56322436092455,19.53,14.842979241325938,0.7908984007359627,0.4616817646114514,0.031096392260429068
40.873255919982476,66.27099779731242,5.131989001678424,93.5201235979095,100.0,10.685543218088231,0.39721566019485866,0.7539847480721122,0.855765569880382
44.61005451758881,25.491907142198677,14.423260982063494,427.1124464193341,59.99,9.283113611359374,0.2671111141718745,0.5269765290816645,0.12335321036329082
33.14225455756714,58.114787137270554,6.672786492413112,128.75443736805548,66.19,21.690042839580876,0.7201168621828757,0.3707844082943822,0.27385830128684785
24.291982146207587,69.65245799308266,7.3357260067392485,947.623658520667,45.96,20.23613243318197,0.446464162881705,0.6263606624955314,0.0
26.807683162984226,31.712491280074225,5.27474808512858,475.1708660226283,17.96,21.088803074685437,0.25363359484720327,0.6741778037947931,0.0
20.459766913686668,74.64422021978899,13.643227095182075,317.25917435686756,9.04,7.200150687786307,0.8235402738537202,0.5464391805035901,0.03398726989276189
42.857470164012476,60.86409463598781,8.534332249227761,766.3040711189001,99.89,27.338364587460923,0.25848335539286993,0.14529197850777875,0.7768129498619103
22.94377707225353,86.65552499883162,11.432618807724669,497.94859258226387,31.14,14.731659920226207,0.12064573455298487,0.23590630012865993,0.039132883573695355
34.41291188785634,22.96956087448242,12.177100775263295,310.03402401245006,30.9,12.834235160758947,0.11622397901393598,0.3282381767121826,0.07908081964108275
26.85138051718015,38.57282962888269,5.127735628758873,811.9677423908017,29.39,16.55903618119348,0.5978522851634115,0.32610048476119446,0.16237572954775514
33.854450062894834,62.10877155098768,6.505414969805701,867.152151001122,86.12,14.751651643690707,0.6293400485740243,0.6387366401974964,0.6283560831754822
36.28550970879661,40.759193854415145,12.727076616093969,673.008166288677,52.0,26.589425078478648,0.3488333640455872,0.11467892933890607,0.11948913828599679
40.74354509268004,70.00969148498694,5.448830275137154,46.96442240766729,100.0,28.231524379947302,0.35600879139765074,0.704545421639616,0.7747380951652352
25.16053179401508,73.13036977653516,11.909027001777769,566.3228801665321,29.43,12.586330411240155,0.37159513204795425,0.31227397984554656,0.011948345758229537
20.274895716462012,27.17611748465321,14.114884838616556,763.2949119972816,0.0,26.59839518649887,0.644126837407103,0.34801747697288193,0.0
23.422140751720182,55.96981249447374,9.348155596020105,136.50301208358218,10.87,24.53807823832668,0.14650703282146288,0.5223278623551394,0.025543271221248474
42.50046604620263,55.622338891373914,11.124409311778333,228.67075138460336,78.93,28.270191808619046,0.8432930821530605,0.272740480751166,0.41465252639819694
41.847251939062886,45.84965391508787,12.076459680617024,882.4951050681365,70.17,11.143757804647196,0.2780168353419572,0.8075770508604221,0.3003936463122624
34.93532755425771,85.30474037987705,12.675594733449637,20.121721853074035,91.89,19.42397875302448,0.8997385641936738,0.16829502346125225,0.6810933834776907
35.01292151084134,77.92544239112549,5.92580006785194,752.727137825976,100.0,11.863614618511116,0.2372181550297496,0.45550588984085194,0.6779645772131387
36.625916863656386,68.80465673367458,0.7689518876399726,473.7732925144229,100.0,25.602362262109356,0.717237165849902,0.779537815563912,0.8478829711554112
24.38428196558624,70.00286450144984,6.028144068551093,446.77215883960685,37.74,5.133104764276607,0.27873003594370005,0.5926751155369886,0.1169217627108362
42.860298648123994,52.32013006691834,10.106343446761347,7.0965324948871755,74.99,19.120479072159903,0.16467744131460318,0.3338636126741068,0.24803099514289922
30.469263122301825,84.46961647676031,6.755255786711892,819.3982309664927,92.48,13.48008578179795,0.7999466594805191,0.4366081662211686,0.621311988579251
29.578463206237437,68.62167990772997,11.234447262905979,359.8249006365665,51.58,13.067092676945506,0.7870010073527135,0.6653555042740117,0.15172596463017368
32.97294263207094,71.02867431590715,5.354736442029958,540.7656313005429,92.99,21.122658096622924,0.42285631395968115,0.8786085946911195,0.6979295782704565
21.174149169376378,80.31836326511416,9.521162116560443,677.3006863356594,25.29,26.28711123284985,0.6619169140323414,0.8145109747035468,0.03786676857841115
24.157084218901986,39.18501125395337,2.796297072809619,702.6295764379158,28.26,20.229884784833153,0.5456527461471338,0.3739462467059015,0.06333157598929065
38.45084041065926,76.49496327066922,11.240541549674354,955.9800588260723,100.0,26.32932446616806,0.7823648909389991,0.8985583034302861,0.925896936977579
22.069966698128162,33.66684220695444,8.185439532195387,531.3399532366091,6.14,11.61492779702575,0.3520447754549235,0.10280373082484662,0.0
35.0788027366597,44.17393665714215,3.060965828199009,399.7195509744276,69.6,17.98754636912453,0.5189379199991881,0.12210380464673208,0.2690085471444128
26.133727742033024,43.49273179888899,4.378667602467109,953.703626491708,40.88,16.263413476676902,0.48829789696364034,0.7590724121369551,0.05442693581942877
29.732390351049414,88.49678278723984,11.229130628727486,642.1102350255211,83.1,5.291122487577406,0.38312466100548703,0.25957014946644164,0.43702495012582254
27.217343419267497,79.95760566235488,7.239018534922811,298.1503562765556,60.27,18.920303578518503,0.8131640516450979,0.1486154147169927,0.1849289543111867
28.89181791162373,69.08189031131818,3.240471605896083,126.46424540357116,63.75,21.538108103654373,0.2327023397300284,0.28971845858920175,0.2766038198734447
37.97614762960614,70.89397331307731,14.509067855554465,842.5545014651813,87.1,19.79786011047675,0.21960691161655693,0.44088012318468817,0.5185540333919231
27.428042890579377,59.345095608179975,10.726875297253319,362.18160279415156,27.48,23.406997469585537,0.5615276282582011,0.6844530163467238,0.0073060462220001995
34.16011600742243,86.29634669759633,14.357022488096941,660.4697213644312,93.51,19.283488211326926,0.6259953839879536,0.5994684212409644,0.7178342724735919
31.90126005497749,54.73811270176531,6.406575680405148,470.8164193658981,62.68,6.668756371268923,0.25569540345965214,0.29009697404833634,0.1584429190864561
36.5917791340662,46.636239690892616,7.126505110375807,198.92977979503834,62.64,7.911138102117786,0.4125739538036993,0.5026163584804676,0.24619368143921874
43.420743483118954,31.41247358521137,13.469328242775287,601.6866086204651,60.0,19.911864438598812,0.857251074382995,0.840971284318855,0.25811411848194094
38.31430243025626,75.03439565827406,7.875740103680769,60.68306895068232,100.0,11.874479799341005,0.29729393815253924,0.7520062215870061,0.7067419881686092
25.37350946476892,71.4110752452914,10.609183678585007,413.3424598711922,29.57,6.991128225869145,0.6346885616939153,0.3585518278654347,0.05950552404579859
20.77957837653212,46.904852696689446,3.7825931624329496,546.6149396636711,11.91,15.740068586213669,0.6921195149580727,0.885811649084557,0.03144948650408033
26.556601107495627,21.763538977146055,6.7008970305396085,436.04697411857904,11.84,18.858064952091382,0.4585029595721276,0.6668963203481048,0.06170854709468235
34.87694826750637,78.72981294026076,1.8517479871553266,748.6721752509908,100.0,13.218649708740164,0.8500207894076665,0.14995948453342545,0.7864287231032296
21.28564533710626,20.799258841785154,3.089700538154425,827.9249545453124,11.07,23.010842555644448,0.6893253881750324,0.12812857063091096,0.027727756175418228
32.409156180030905,69.25898457403358,0.014151229014466304,771.243074033178,93.07,21.094265202531115,0.4663396638887183,0.23472635920802398,0.5668382867395229
34.92107122292223,87.91799768082399,0.5889757747299035,38.81294781180211,100.0,13.320459027291799,0.5554681614208752,0.6822846944401174,0.8968953379697971
28.356097270424023,50.63629297037424,14.65925734765394,194.1287704459722,24.79,23.871813222714014,0.6540907547400805,0.24699114067394234,0.0
39.272805093645545,36.44813834971669,3.6353054270514344,536.6075092637743,71.41,21.217376063325887,0.5737521443433746,0.5091894153670669,0.39387635622227557
22.664956328344296,69.34097070303672,9.94966064256003,934.8220404438013,26.64,20.936134467947554,0.8029580670608607,0.17460809614466538,0.05036294148927916
21.87844454339522,77.19896994109095,12.586495481994174,834.9567750521169,18.96,18.8356925196767,0.385510929824321,0.8367089262641562,0.0
38.20471890509008,58.25012212544931,8.259906888548464,842.5345083518016,89.92,5.28474170221382,0.33990859204464396,0.3751684908668541,0.4864018036929179
32.38728290515496,87.69246926793024,2.297167501259343,303.2081937596749,99.6,22.412679586922227,0.27107111159621144,0.8265056452485047,0.8020005946949803
37.2100599106934,23.616810516057278,10.921746560042497,429.44789707870257,42.05,14.401044777728911,0.13022637445167612,0.8559005135284354,0.15057829234191647
30.870683465093656,55.33569188131697,9.003771151493746,470.7059473159374,48.57,28.56524275396639,0.13441117150404427,0.10490291785094463,0.08374851816812756
26.16005083097767,70.2917763125785,10.968758840210626,157.37158334991042,26.71,25.449619276930132,0.7960441544874263,0.4713081497589856,0.018603203441900328
40.477557941855,80.38483298044252,11.546199342856308,31.068130244456317,100.0,19.692361738282806,0.6427145171247258,0.11972484456551431,0.6288448355910249
39.985396974224486,32.547892833545305,14.631155515271177,946.9028994605169,55.42,11.304549545481736,0.6284259323491889,0.8269542130423247,0.26820889351962474
37.367411771360665,76.0002437234577,8.60344920040065,240.71258566350673,99.92,10.092934831941665,0.5917142551479089,0.5147260357876607,0.6782632389359686
26.803628430749068,58.68949530029817,5.124616690359027,239.9489037236313,35.23,13.509620941938728,0.779375315755284,0.15995521015879746,0.0701945167402249
34.75576667172717,47.75875773929742,9.726968353503556,83.37905376875953,49.65,16.914198589500465,0.484213540532502,0.1882213826212535,0.11888606107858757
29.02434742350067,29.220052000536548,1.0266106386393918,928.5077519437785,66.13,12.401637750973677,0.7963286628466403,0.4068072195941913,0.2664969615909541
22.289551833165852,80.57070312362387,13.460959774823795,579.737114939772,17.56,17.87323738481207,0.38755602094579134,0.8521873542983116,0.05089637149624538
42.93283938655607,31.009124572580074,1.7907151700729518,667.0368571253539,85.17,9.134260637829648,0.8413660034712724,0.6543273212544647,0.6092462634002964
23.420465772974033,41.68515014463695,4.917642568287274,911.5768872630525,23.74,29.442820320637498,0.6589255840649921,0.794095092951306,0.03767974710791638
43.75593384552006,40.30318723737058,12.236180709391814,345.6201689007895,60.0,7.6981138741248465,0.3057417088195418,0.39316531707198377,0.21572637835991884
31.150144323948894,80.9989823933598,8.959685674960678,621.5073111380841,87.57,28.2986034913593,0.5512679373509001,0.13457095963999866,0.5844565691963594
24.62832322096549,67.08920959462286,5.904532804161631,38.79945472888746,23.76,27.83945028506737,0.5264244491906045,0.8794541097635313,0.07554581202396576
33.54752368445895,75.76769780339606,7.101534890625321,186.77252823112934,92.22,18.134012045487452,0.21031905738426718,0.11373839252989565,0.5236367908995994
41.82364589691021,37.53275291547493,12.818210898032705,831.2458050899425,60.0,23.12275679590211,0.5729943246004913,0.8581213224648713,0.29604389346885046
38.305622160239025,63.74118697248992,5.100065790898382,766.7683563383357,100.0,15.901207449314695,0.3518284989735664,0.39494193907931574,0.7735486086523995
40.16402869653624,60.022218820062406,13.04474527218257,350.6426914571469,77.04,20.750864438560953,0.14187901344768195,0.10807232401750522,0.40619708216123324
36.469584167767934,78.29812637517898,1.3220164646503725,376.8106277742125,100.0,13.514398435527967,0.858924926165252,0.6513257853796066,0.7836262029350914
37.306914112946316,83.42609423368825,11.65197655812946,533.5544335535794,100.0,12.528975494636134,0.6131922952514303,0.8844322432250834,0.7997533023571918
41.22989128913298,20.850974003417075,12.713214495821045,0.2410046851345493,49.84,19.45574465423784,0.8015351454966776,0.872500578270074,0.16643742157888392
26.241700221479647,67.18139433411548,2.7272647925600815,241.24433603802785,49.82,17.45324185459951,0.6408448040106025,0.22874960896193475,0.062288756083118804
32.23562409107851,23.628505938381032,6.455197985583006,208.23180860821444,25.07,19.488409228749525,0.3855869537120904,0.24499824485292399,0.10254578342946079
25.530236045490057,58.42010655541492,2.4824966199548344,250.48294674976347,36.98,12.166514532175576,0.5101504578630491,0.5524311316957281,0.06096632682172839
44.69170019991617,40.13429103305747,10.599061934913266,805.9058425334413,69.48,14.173945795424881,0.6405974082777417,0.6098438611426595,0.3288908800335799
43.60148349216533,41.474361966549885,8.030216520924851,279.6738565464432,70.14,7.097449015722733,0.8682018601611501,0.6915343309326925,0.2930485406088568
20.98567028421265,44.70709524166496,9.529850200624816,191.52132205014817,2.48,6.306909306805143,0.30293556729735716,0.244840288377718,0.0
37.63937931289221,63.490471433472706,2.947304504343167,504.2634607930315,100.0,11.336428241825406,0.7999816468992942,0.8672056694115476,0.7954527914517238
43.13120793539164,43.38349759681385,3.176187930786293,865.645036372732,98.16,6.856171483263644,0.8392622442354155,0.6109914050313903,0.7395797764331312
24.51438362818334,71.28893354131964,0.6224598826485955,241.34970383749987,56.54,7.594367715868517,0.6363324117271653,0.7776375350964438,0.21701145877465353
34.198630763815736,48.31691699017088,4.831013027935946,78.53624279279869,58.21,25.323210134848427,0.8450133019210703,0.5320525722273375,0.2343930683968555
42.887207439701044,24.7847240216971,8.396169920005125,356.4047358496647,56.91,5.971842425417233,0.4183028699818948,0.4314214780719061,0.18036850713577635
20.84864946464497,74.8631889738875,12.869023709959931,747.6518245649778,13.48,21.47356984836857,0.8624129408323542,0.8817463252759968,0.0
37.435506681171,40.00308272148942,10.00391171188021,550.6905446947947,53.73,11.813943720385012,0.6622263017327799,0.5656970966558689,0.1862620816758583
27.43372518431377,50.29368157194838,6.5309448509962715,816.7933695743475,40.4,26.78864201770316,0.13360461393504952,0.7934988662393432,0.15896672563276576
43.10990488441326,67.9810718255331,14.296801715912068,959.592147609234,96.17,17.124807114437488,0.8254982654552422,0.8626339170930319,0.8219429168261393
44.27645612913419,43.271931000409836,10.788678008637477,792.6624767516171,72.57,12.639411483195644,0.4875782472265541,0.6402837016069274,0.37849729421176703
43.60666222783585,23.960995930270094,13.95247804293825,603.8030788437534,57.63,17.94097339223586,0.46826158782226635,0.53915094281494,0.20902071123837462
31.855355416436595,46.174473290896955,7.913819599082485,493.3415880523805,43.62,14.54895047613172,0.5531732847837074,0.10280868072852051,0.012228431603281742
41.55106627473283,86.11140078860124,3.883564121897094,40.069086348266666,100.0,19.107526616745755,0.21950763741698234,0.13201571259120481,0.6278786867479709
41.11373496337676,64.92140781089907,0.7924002954708298,984.3219788140412,100.0,7.863321708158706,0.47533283885391897,0.2606809728408931,0.6855680065084719
27.97751183108139,67.00354040670449,10.891272772257757,383.48112257504255,39.78,29.924762570313778,0.7649017733741966,0.2488067454847962,0.08444435182041608
40.72288685376694,64.25975075463478,1.8195449700830117,152.2282139168668,100.0,15.638896942417938,0.11238596731001227,0.30380703615987625,0.6886804077935776
20.925190867887316,33.92944972716057,4.541626924079508,666.7088553964568,8.88,13.705765992684217,0.318333728259497,0.34394771015812864,0.08544421628544105
34.90674696205133,49.28337048715961,7.9870636182584605,284.28828909545933,59.75,22.755246207906623,0.10196366915507538,0.3880523948405826,0.2364284821456654
25.750220932192576,72.56578588543228,8.466248816696215,585.7782709310476,43.87,14.097485162383311,0.43256904731987866,0.4364301520551013,0.15527741229637249
23.01417214443197,27.09610282872114,9.00874795480704,586.7679078445913,6.29,25.831857625718943,0.6826524083949878,0.17909307076481173,0.005529342336979395
21.92383004073023,39.449694326279854,2.4938299552455097,445.72982090286916,11.38,16.35676810901063,0.7390174632917028,0.13388954556222565,0.0
37.407219396953494,39.34233759260975,5.696061072324731,836.1186155450426,68.3,22.988960331635873,0.8561518089016052,0.6391555592584187,0.3354257947569138
28.49687409420165,50.241324931615424,9.2579134067545,264.967061555443,26.72,7.686330411047164,0.5868036903766293,0.5298678598744622,0.0
38.11916928821904,88.62581186595295,14.547282969506771,448.6325916177342,100.0,26.152979638877795,0.3037014933223164,0.4553153617760958,0.866120473695903
21.63390851997356,24.725178267867534,10.91446706549533,537.6921285909715,1.38,23.392949669452747,0.8393183593093592,0.6075519529346819,0.03953908389558737
27.88225844576526,56.30906960664165,13.839056356409367,663.6247207672997,28.97,10.292919461549143,0.720252603104301,0.7621435257628324,0.06175588074926558
33.48728230938343,32.55552774085473,11.433180874712656,783.9718505055895,38.47,8.632150243644666,0.5595427864025156,0.44215432729296367,0.1267678376294853
39.76807912097409,87.9473581786821,8.875754533386006,394.80728287825605,100.0,12.907308718140609,0.6565121725751488,0.6128955720415835,0.6754570657539526
27.968812573301747,27.931245330922494,2.8803505370451683,646.046944096596,26.24,29.40176465079761,0.8394530840059433,0.862857779068127,0.06296162621221571
35.647284410925224,48.25207016531139,10.000284778387696,150.61095306851914,54.12,11.420789364176466,0.6699152227783374,0.7716995966892486,0.1052050164646978
42.14944370590467,71.65194893842244,9.350693489398607,932.6481005424786,100.0,16.40318022366583,0.3946996060677872,0.44080064840192756,0.734316788071613
35.39657970455762,69.31880996192118,9.037037556858996,383.05880642100357,88.77,5.750505642933408,0.6704225618312774,0.6157734702517944,0.5273410654945806
25.823986868840844,49.59100458257526,7.346788019823611,729.5214219764384,25.42,14.930688239155813,0.13222253018831032,0.24165673753275183,0.05444632333271773
20.610019538913452,44.25669175669027,7.9298490598391345,20.341081882177647,0.0,19.28300038582757,0.40913244946446503,0.5484177479160719,0.01140936444804777
41.752471847523246,47.83286649870094,5.016637906771561,205.187142904807,82.63,28.828115312699126,0.42505842547646344,0.8850626329107543,0.618827965748131
20.531735271259677,38.49933842110475,7.789690389634548,487.082544323578,3.9,17.91840112350161,0.23347058753666775,0.5146520921620178,0.0
41.867541817104986,34.373305709475986,2.9633385851771736,878.2524677323465,85.92,25.477683154442193,0.11846838444141615,0.8421106393521178,0.5924196045947837
33.2234283506803,53.8127788291223,12.077615960405652,527.2551499506772,52.55,18.678191064222514,0.20670498931019426,0.42586793640260856,0.15212578275007005
43.476692462822406,38.79736292473251,2.786654320480617,929.870482293879,96.13,6.019625335887953,0.6236971966376441,0.8990758617477049,0.614569598982616
39.96958089434163,40.12231654280751,1.2744943483419964,483.79689658279636,90.72,12.87520687974435,0.7418310530909501,0.5633760281820462,0.5667734649930734
44.94835276333343,65.972924443219,6.543690395357361,490.4490967359499,100.0,19.388737695777582,0.8905627941815794,0.13381519538874764,0.7754210480646245
28.767795386292754,87.79761321899245,9.874611592590927,119.74678850053189,72.43,28.76484914827811,0.3770908024867955,0.5694038373531105,0.4278578254874571
39.17970722327817,62.254604039156256,6.565752374003121,802.6562441522198,100.0,26.478258993780834,0.5795033778088814,0.31965815654367735,0.8345821096559451
30.048272840231053,25.388562694547637,4.151311979269629,246.9654124670625,21.04,10.70889035447119,0.8497159734520976,0.12598505762871579,0.0
31.99689050759772,25.290852969784687,8.372567758356611,899.612489372315,32.77,10.502745750479088,0.2336334250705221,0.7566826437557307,0.03715725981659595
35.687636580459255,86.59962545918961,5.205035031182999,910.8242203303961,100.0,10.029324177847519,0.6741164690741941,0.32058370958460475,0.8169575104241216
41.841927854658465,40.810355321513356,13.993015351899496,943.3101118741497,60.0,28.062472407562577,0.7039829865193306,0.7372388432371988,0.25744134554794573
44.602086729982375,26.44468902577328,13.839677094053581,520.23048910309,60.0,26.316653827543018,0.1711804286954707,0.33057406636469355,0.19297212094592694
39.206835346612955,61.93312110052671,7.535577299581432,677.0937847836443,96.04,24.372085806323717,0.788999508146452,0.25546108309901944,0.7650333960623993
30.444169554183343,63.655414480318626,4.9182599102738775,778.5158800616636,78.64,14.81837785560569,0.7504840376886751,0.879148459283542,0.5006112618051636
30.533925056926755,65.39533740830817,11.056986209349587,131.0146186504656,49.18,17.609517607469172,0.12672240526194756,0.3893162622040157,0.0950424371921902
38.43955753972229,38.71814195002789,0.5506941522459996,600.9571949974973,95.06,16.608293619878822,0.1728675319040412,0.5811009691545284,0.6628390561912205
25.969428644207557,21.057747895013254,7.121535090654769,34.297901303311676,4.41,11.334952688984316,0.13930151511348188,0.5879851942515772,0.0
22.761852828284866,87.55107586181303,5.044850914055003,497.5660833887259,52.36,17.625701153719174,0.3677948254394898,0.5483787857388015,0.18572995237458706
28.865553941019414,37.562513198377175,13.808038276538321,154.8426816202274,20.07,5.762413696318862,0.507431192543941,0.8317565948169717,0.021825577445791004
27.180974791352043,67.32184016367833,0.18004540909023814,182.9229259620847,71.54,8.29525933743648,0.5258781823637031,0.6395528570934947,0.34015467872546773
27.407703011399754,69.46409089150967,8.292223135775236,365.04756669260155,46.52,27.16473990422366,0.3141334078155541,0.4229864032839442,0.07889423232039401
25.840193776247748,62.700519195564,11.10995371599939,432.437166716503,22.75,23.791994175785582,0.8292775092482193,0.7899043076194192,0.0
21.052329740909048,41.903517594955375,7.275269812860619,623.1724245321873,7.96,15.571710226477176,0.39461023189753053,0.24485031929277154,0.048525738940262624
20.446848368335345,38.97673776348461,1.281045452440825,74.42841843851566,0.0,17.928759057096933,0.136440124772282,0.535389406088334,0.0
44.69305974340079,61.836779789189215,14.586920850418533,503.6917612374446,85.68,14.249972148999436,0.3401816892331091,0.8604402975550051,0.5409386440254654
30.694328343396556,80.6266943528184,7.770156470641469,182.62513025310113,82.03,23.51949667901681,0.5248875380353244,0.6003181039043302,0.4878211287640017
29.608166178992043,86.27136102463768,9.21279366478517,573.9751750317419,84.4,24.60467948080199,0.42657745807058567,0.753574760379901,0.5953383501116474
36.99118206732675,27.413406308263035,3.54914674061261,637.4046122611835,54.87,24.082129755078977,0.3190740152794074,0.6228485804361543,0.148432308338239
25.456347196626602,30.83800288184039,7.252471276602057,556.7092565528538,13.34,23.065293120861238,0.20505859981145394,0.7714966908303124,0.0
43.749029598755634,86.13153811481557,6.437242379374828,738.2955104783076,100.0,10.112608467319895,0.7553316000769839,0.855590303876195,0.848355316010266
39.6586253603888,71.55746598343548,1.123437630029756,335.6092442409013,100.0,13.44924948101197,0.8969161936993535,0.31833738202618944,0.8305980845237912
22.235275057806486,81.80956773808411,1.5924053032120082,765.1065916331308,71.12,16.74613587459187,0.3636337068191057,0.2357288650053751,0.2730626728532512
30.43951939462321,34.18428438947402,12.562087794281618,432.76708170819364,25.66,13.269824785691391,0.40529683534128313,0.48719260026603195,0.12207674205140173
41.97795768905412,61.13101097765813,3.5972992830988537,484.1844983225968,100.0,23.873505003958226,0.5944300197415656,0.6614899414593727,0.8632067788912097
43.61830055728525,69.07977160922316,2.9243740724794582,648.1021272610714,100.0,13.233838106248866,0.6747531797884331,0.2817530025457729,0.6795551016346865
31.68503778124674,67.60783198128809,7.573671768752089,18.35838399922396,67.16,8.45580216963343,0.413623627842873,0.10328116034413366,0.25276904661508265
35.335284730267695,48.57061836066887,11.531206970437694,653.9942214202483,55.56,14.976011301207603,0.8239436135854522,0.3743480926693643,0.16022772469844185
24.17584865230188,21.077642418391594,0.9291977786848188,618.5851490721153,22.85,29.49786081955951,0.5480031913831347,0.8750874683742308,0.04441839932606051
44.779215653424416,60.80482397629842,8.652118794573838,309.8471167532799,97.09,10.647035323339397,0.46031206112474476,0.6559739684846774,0.6837267820771745
25.791792534586087,37.71710774257261,1.7881566426086004,85.79428489948948,11.5,20.30396647358073,0.6173382025279242,0.4210603551529791,0.0072617099344735505
43.56829435337814,51.51779723000232,0.5469157623842769,90.93544991304114,100.0,15.824326245992658,0.8622430785993386,0.2540608778774723,0.727361432948832
36.24116622480921,87.03067105586722,0.7911592824332608,923.2237469852286,100.0,6.775614191233165,0.7356418355373644,0.38487173900379756,0.76275085899188
35.19341987197148,47.93247223497043,12.51246162312662,689.2793212258372,52.26,17.196915149951487,0.13201050442809947,0.23587154664099838,0.07444101148235614
32.81721277541271,78.78611246650988,1.7695872544209235,127.10261377074039,97.48,22.554108216207812,0.3658479285919677,0.18504465705036113,0.6322468035165174
25.766745292943966,33.19784240244758,0.6772704661843792,356.72316930890634,27.39,17.83049939569547,0.4764357479609782,0.8253938980580431,0.05033352051075549
24.41320080013771,67.07223486175201,6.568498307143685,592.4829939015964,37.06,26.802651593664528,0.35161405776728427,0.8981202707003789,0.15256143955341836
25.512155226754384,88.39048681072605,12.659902079130372,835.5717050906487,51.76,12.223425416439566,0.6601500486643652,0.23129155167663226,0.12022348492982042
24.66095655360636,27.132517061105574,3.936125647339529,43.66092871300853,4.05,7.1562292825991225,0.7610153198900649,0.1436180471026238,0.035274203393605576
39.48961183916883,20.58239595590344,6.325689262888746,236.63313147000886,46.72,28.414140291450153,0.6850760761482173,0.3637848857169699,0.1799997008819678
28.753131479168253,50.350795484283005,0.5988379884562683,889.74899029538,83.51,14.454908738205475,0.8914666294626202,0.4693273446091323,0.5508861015841217
21.44606691408491,26.483783813595704,6.736177712023138,9.165550183816485,0.0,19.410138786340834,0.3180381183144233,0.2638569976606836,0.0
44.22756575352028,72.3869044773362,8.664196209557005,201.3991027938874,100.0,24.800078153254898,0.7999915960195372,0.34113992943884675,0.7819512473140865
42.09464712408564,84.01840646939912,8.563605806282172,959.024175972966,100.0,13.107841596889514,0.7132981321395889,0.26069658855332617,0.6231074404662996
43.19380707988032,50.38146808961312,4.986400382615478,613.4018465221711,95.25,22.904113454440278,0.3897430060465169,0.719408454745961,0.7120980400520248
44.872695566160886,38.10981495088087,4.732997709947033,261.6713666375065,75.55,8.3854712454457,0.6872996349255749,0.6700623545978086,0.43571071082278956
24.347381230487184,50.40823233046268,1.5993542840489683,66.99109439584761,16.9,12.282343680137632,0.18326076513459758,0.6079612126087854,0.0
29.90605047256647,70.64134724950007,5.501974809694026,28.191340447222156,63.93,8.617765903412998,0.7314667858724418,0.4097742856633638,0.2731182462618328
38.95596189260228,20.63379131062597,1.49242003309447,244.74507963692727,47.2,25.280763960033944,0.5258644820696822,0.8272327530513888,0.08588256278319886
37.4005154513448,61.2617792639288,11.498939170680774,881.4858195889104,83.19,10.566230880669634,0.33383213816740254,0.875626033228016,0.4798896523006734
23.847397658496376,62.930417942116534,14.494114466222788,415.9136542975095,15.28,22.935088885130256,0.6246218414273441,0.2389114501003296,0.042530501319411634
40.395828124765444,64.63817728271549,14.551116850000604,720.333369165993,83.26,28.582459931141315,0.6132959989715272,0.2784101131295025,0.4884351521457883
25.61101429591652,36.941545598661406,12.976066490630908,918.2850353799578,15.42,18.194305226721923,0.2675889781756798,0.5205048224002957,0.015429090506322067
25.595440370565576,69.98369063646888,9.011882240094288,408.0404616028166,33.9,18.500729806517192,0.12431793184922091,0.17300045542579623,0.023937873480397148
33.42436057233534,26.39740404322435,10.512985458658198,191.27737103739705,29.31,16.5258392024453,0.44689806952133915,0.44915871905849025,0.069887343308069
34.823498371042575,33.94892355267606,4.278087040206211,517.1179308569194,52.13,13.147253584841069,0.555609495475537,0.5654330118221681,0.1600616818216034
34.50215519594528,81.42290326581374,9.46155630258931,908.0836870598545,100.0,16.891375773122927,0.8012842226964788,0.5176588569098665,0.8132760174832346
22.287170934943873,71.71062055085964,6.8347432415981615,804.3744141377006,36.33,20.070188306668985,0.8425734365180756,0.3647268664624209,0.1427459783007538
41.936521565759506,20.96218878079417,7.230260096653987,65.82984336315378,53.42,29.649789304266484,0.5230441745254132,0.5339566448617655,0.21169938531661514
26.64000106471765,37.386338225886014,11.36664840562737,692.5728000775819,18.08,28.444113982955606,0.7030427870148359,0.8670407634070783,0.0
23.237873032070105,35.00845380952152,4.228775333958775,571.8975224589537,12.73,26.553823957328046,0.4514426178623976,0.26481392343310084,0.0002425017350765309
42.218701996724434,38.956442962588085,4.7705941754177985,907.4631763464255,84.81,27.228263392621457,0.6968657252583144,0.6238650867152029,0.5788693088884879
43.891287455743836,37.32918391959205,13.86962686692955,122.48141685029724,60.0,16.696229582301072,0.2638412199513336,0.1347173553248415,0.19115320009570133
41.55319043163627,24.3768407019992,0.8433644227645837,534.0361132046567,75.61,21.43610817943662,0.39685178784282515,0.15313312358514797,0.48682794819062025
40.23790186812195,52.12583616177742,7.284514476200106,879.4626935118923,89.49,27.376668073405355,0.6073823990508919,0.541462579378868,0.6661622516825424
36.38104951597555,71.29134323503156,13.692012006117926,410.023786741743,81.7,14.823769124783826,0.11452637248566307,0.1839513442623596,0.2865063170377033
33.77143426522848,62.47122073022055,9.155445117272356,481.99491773286707,73.21,29.04406195863672,0.6779690482711632,0.11787743074148588,0.3456968129426147
22.174668997785254,67.10101680186558,8.196106113181981,70.46067766695829,10.27,15.394651551729575,0.7684284010145335,0.23721039811841776,0.0
30.211330326767467,25.680442497536742,3.7461626884403283,278.14364044891084,22.4,20.02706663483039,0.41931332887516115,0.5518793367996596,0.0020140568376539394
29.31721292530785,86.60434971237511,5.1491323359667245,324.5066491689473,89.86,22.7451178318093,0.4583539337417315,0.6626727636151459,0.5281401636509162
26.493844594008156,78.69442836901175,12.780726237070393,945.1224487448869,48.57,28.76480032689846,0.7810257697732248,0.261982851313104,0.09587321295129514
38.08550284221462,76.35632229469638,8.388271976526871,282.66736054115904,100.0,11.115406851306652,0.7205237082608268,0.6346075497665395,0.7013363245644433
32.396893376969274,77.60886635292373,7.7211329063516985,460.868735269652,90.96,23.653274455966056,0.33051959122670005,0.24598106487938348,0.6064195048990015
22.0261553976912,85.2897355692933,1.4936957031004339,671.3044235642798,69.5,18.020389653602052,0.3591808852492312,0.5907659413050057,0.3071233730121336
25.504580048745282,58.09777762795884,0.24042234682684682,162.18337240787739,47.27,11.713928515516027,0.6431025859124773,0.4295677439166391,0.1286765289446692
37.08146909148989,34.019741250733816,14.455277830305736,486.44238714187446,50.01,24.415170994909765,0.550558473958529,0.6230396074668934,0.1431282036753155
21.903271487257506,63.17485254967788,5.654792509302625,738.5390394759075,29.54,18.805557004346163,0.22978365687719757,0.8960422019833979,0.0
41.28017285121922,72.00170455675573,9.048195931492565,866.855213027066,100.0,21.524345516241894,0.34794392738333313,0.8502535721860496,0.8489013301730901
32.37866317534936,71.65421753478178,1.195726097809275,626.2592746624267,93.75,13.072526714447525,0.8199866215029233,0.10342540626888291,0.7136476281719772
32.0146644331662,56.50143169168161,10.246714285845698,669.0535153169479,58.15,17.031848795690124,0.6505395493778108,0.8083510114898446,0.23509315613815024
34.81019461648794,24.792110353350463,13.988500630589414,126.28347258456895,31.82,20.433856274701675,0.8887794541484156,0.15319263613981324,0.023968663566847494
40.61702414812873,45.97790569010895,8.634978794961295,945.7764972463472,79.14,15.1227703567461,0.7136100239846156,0.862437268927876,0.39507617565523356
28.695230197554828,84.45366259243501,1.8917298356311585,132.57407748448236,86.06,9.959313496192532,0.8535795457148722,0.32546054327974777,0.46526520082692086
36.95040381397659,60.91142368301982,8.725822912102151,774.6729371817983,88.43,29.0410123078826,0.27295085909638034,0.40562786432901676,0.6075513229195125
34.143299099894776,57.68323602789994,11.495208196569786,264.8163217783188,59.59,17.786688501065434,0.7171878998535406,0.17331056414058227,0.2598325510903611
26.675706754235534,38.81974600675355,6.0962480486102795,933.5931437012516,28.06,23.348009257192512,0.11617401611823795,0.18981820666312768,0.04230363573149165
41.96574965887895,45.79142439416052,13.197566219122018,719.9595393694796,65.53,15.276179838901452,0.6366080173692271,0.6813924521834557,0.3179281260536355
39.9356505401732,82.67422624072185,9.730244300360468,753.8137129783689,100.0,13.878294100642908,0.47542582249619314,0.8554657885986333,0.8275396145365389
36.46129586646064,66.6524133268785,13.488733774338037,219.0591730598833,75.17,15.179107461678125,0.3774080575360549,0.5885987959634477,0.39084201094319704
41.26454322735604,75.11709187266331,9.352579668710058,443.0399766351608,100.0,15.229916094641245,0.7899234818344713,0.6726800124214488,0.7879996183396002
41.68235502399506,51.80417961473586,1.9693195800723635,617.8131945892864,100.0,18.604502898548837,0.7834141541260246,0.7095757956777228,0.8566746873929786
37.70907441787587,64.11730536193105,4.645375666577837,769.9736182066009,100.0,18.58674674953408,0.11784136391891487,0.31025141964235337,0.6457066723369772
40.925333209091804,37.386852612024526,3.0269242237868537,103.95937591238958,70.87,17.42884539707179,0.5876040979595448,0.13618370473617195,0.30731506602243497
37.43678654173209,69.38225811984404,13.632397465752934,962.3653164545284,87.72,8.369644622935953,0.3942657794567651,0.10149819513533487,0.470692764812517
37.00351929400751,49.93209335923361,11.40600100931224,890.220670554556,66.5,17.40188696251328,0.4325288012003593,0.3805194263632149,0.3500685021985752
35.46528445537961,50.97818603703219,10.145975533650091,270.34859049558435,58.48,9.227597510516286,0.7656325913750208,0.2931713825593729,0.12290202919314541
38.81791598894103,65.4525627203817,4.5144947944743254,822.760243032332,100.0,8.153394657394129,0.34787181722214267,0.14985418003934853,0.6530902455214164
23.96512763232684,85.53964350282486,2.7606715807532027,518.3239230398234,68.45,28.316142933529193,0.8544390485100961,0.24362263399493342,0.40491003274611487
42.02176897997321,24.480444262603463,11.346766319833677,461.80648156201863,55.5,20.12375032869261,0.24370706109771262,0.19959911861435825,0.1987239438811385
41.7960881936308,77.73202661429053,7.112369188186195,314.4341058114054,100.0,21.487251453114606,0.6301779386945422,0.8319027044938964,0.9042077116402819
20.731182075863977,40.46681772885351,3.386843282259437,580.9685866315924,9.91,15.044841758334094,0.6376840536110118,0.21221377076733516,0.03163476526842248
40.64541876411907,51.07436181544645,9.249329672479126,729.8891177035978,80.99,27.724522297871605,0.3017561291423346,0.5301187711901434,0.5428366124384021
23.22174668683613,21.53393301425063,0.6050077820767796,410.93290496275824,12.55,20.948262239491637,0.35980048717376156,0.5744847640897317,0.0
28.377971356478547,41.073225448401914,4.892553811923802,629.2191930082921,34.16,24.229246738089685,0.7678387940639524,0.534791566166907,0.0
38.5877064072902,55.18418698410913,7.02835491886702,699.3129211553038,88.68,14.214061725692845,0.709444203963962,0.1792451473727904,0.5388631480496124
24.018997401207706,23.93232541432073,2.2193750116410875,711.1218170152858,16.31,29.000297020478136,0.3632767042518077,0.35503868940044103,0.0
40.44917560297655,54.37670105682156,14.769817163862594,51.966098131180246,63.34,25.511532253957874,0.5271652375479471,0.14101626597052264,0.30748825601616564
40.80335444894355,84.89774402008992,3.1364604688442137,859.747805685067,100.0,26.34871157536359,0.14934423700247637,0.4165359312770528,0.821575862185792
32.68669334402091,27.377525267546368,1.9552969506489832,458.25331476504795,40.67,9.304856685643857,0.2669967059189034,0.2508791450172736,0.045811857943914125
20.15964679292084,73.5108509652853,3.053023108303446,262.41608169621446,24.52,11.774080196780488,0.48865644708831935,0.5493060266275038,0.003319377874664721
27.17595332937282,48.67697373631948,11.535916997395864,241.76450747968158,20.62,12.140664992089427,0.1687789882233693,0.6542467150792804,0.009982529977328621
35.423172959393554,65.86216001670365,6.382584889077642,483.01411284395044,93.24,11.772730581171778,0.77466588391355,0.5256958881637652,0.6519646515304012
44.529654450685584,38.21656185896606,8.48123909628807,886.8315394689592,73.73,26.3852040526072,0.6744049680861183,0.44738935728911666,0.40039910469973355
35.79533817541671,31.16445837789508,0.31513735479541116,378.34758168264693,77.66,5.797119880214803,0.8549069365187959,0.409866736685354,0.4150280760659194
26.495089526603994,31.232382998985848,0.5164696285997183,749.7257467835433,61.95,6.902499724519357,0.6547735247712217,0.773353414477603,0.22101079831218826
35.85014257749028,24.934436195020126,6.687383247405243,96.8187309872186,35.91,11.847871765747593,0.8523210978097485,0.27549445205221607,0.10497351908769104
33.49963449289639,32.99526934308701,12.249828648024353,476.05670215106176,35.88,9.99682436623609,0.5436100445527721,0.6873746716230951,0.08023232676006613
39.49613487877859,66.49535694922778,13.278583180613479,991.6861403927356,89.86,10.79649034707121,0.5801748888495756,0.7059858597920953,0.5551440123156112
22.67451597067396,81.71834282904555,1.3005985139346032,770.4378027923369,73.02,24.9485797313325,0.8815768437010087,0.4353600058165876,0.4603511517102594
39.025697562550704,76.98879799138132,8.075446531515341,210.52848844061302,100.0,19.078164847301174,0.6137033174914083,0.3378404793805115,0.7020064858733381
33.531664466902754,67.95940169121388,13.698445294189057,501.4414736979107,68.35,5.1442665323242,0.12462925508859729,0.4764331888367802,0.2365749248338483
44.07480009647487,27.730230438777188,5.819591315968296,233.62476364856656,60.0,15.733069142604881,0.6790422213044186,0.1745711407141588,0.25272667722891806
28.54680415096715,40.24312124071649,12.443487471425529,409.56092726250927,22.43,15.197123171258973,0.8243749537099325,0.136744025783272,0.0
35.8155473283487,41.68648127257283,2.005434815991543,780.0840237349647,83.22,7.848631736113588,0.7364641998354613,0.18928255956151344,0.4521588397108574
43.30070263775043,37.49698624783349,14.03091734501698,771.2248152904036,60.0,21.90354471503643,0.5670666181003381,0.24971602516978095,0.24147833519590686
22.56274319976698,56.05039617968062,11.271349762969539,228.10037790238513,9.29,22.552429709487278,0.637042810474813,0.5033414562704345,0.0
43.43071218091128,57.48876704157708,14.120015891803526,922.2233181548602,82.91,23.022330476302443,0.8921534314013374,0.7793093089288977,0.5623319803389846
37.197143057520336,44.982018261977714,10.149258503287598,592.5681827648268,59.51,23.2117736389648,0.17252967080747067,0.28851386559974956,0.18994209965690018
21.695926477629296,44.76524111155052,5.451058979991405,379.92429096201454,7.99,5.00132067330742,0.6337958629065916,0.8481296085974225,0.0
27.524089173670404,77.9988918534257,14.072717587870837,501.9355807808606,44.54,28.848020096168053,0.3267181556564751,0.8639263271480028,0.23038982132950153
37.704302216132035,75.250499382378,4.133501644637677,605.0712534377437,100.0,25.355219176366575,0.6120723172689361,0.8671236838761642,0.8527588770086019
21.683765036719294,41.54570821765219,4.982587830925988,559.8905318457854,10.29,27.59954241473213,0.586098860707151,0.770050187741059,0.05326068169756522
34.55426150440683,83.96519107112815,10.512126270026105,486.4050355361782,100.0,5.391082382685854,0.22276546568652966,0.39106003263817646,0.6083743231225546
28.64707642382392,86.69705119017543,11.479744492880794,504.9328040894001,73.06,28.346469894643484,0.26539731659219135,0.15814712880209847,0.28899709496192766
35.52288794418693,42.87197794210286,13.941052257737308,176.41191042788617,49.3,25.244713217202616,0.5973036624345708,0.555054985413196,0.14868691898145203
21.14355084531282,44.80974641551384,3.0720361358431427,812.7329043046793,25.96,25.930478573967466,0.2025839578430193,0.546945155149787,0.05941944967640734
41.78842015380941,55.394390739537116,11.969970528288359,541.7603199410154,78.86,7.332184618049213,0.3121447001042583,0.7799806136876765,0.43961969467377515
44.33722422943492,85.87845687735715,11.078190800954452,131.0798617047031,100.0,23.469450722964943,0.768196438190402,0.8967928407568841,0.9843246521946127
44.22194638214229,81.34236031996181,0.956918343803968,766.157101582778,100.0,28.997917241052274,0.36167320480131093,0.5065258452481181,0.9708116202778512
38.741295793573116,27.179757380851285,5.808347118153105,932.4439783773508,54.91,21.963683535454017,0.4904481250157303,0.3761632248318274,0.1859952518066802
23.2521560032658,47.49115202899914,4.241481855901479,947.3068992369621,34.13,19.26403511561516,0.8529122681166722,0.24872136924501362,0.020856333133471808
38.95657989822556,58.73598328248403,4.567356365310456,369.01773241117274,95.74,28.640741943724926,0.2817192710695571,0.1038398598538966,0.6942012728183999
20.614672911470038,55.2192730786078,14.744203193320512,135.51687356075405,3.19,16.0734280433609,0.41170081388640833,0.5072909539911034,0.0
20.553088788224933,33.57041475558249,9.641661202198918,518.3996266330652,2.01,19.982339157761967,0.5851662204348366,0.5444149333620766,0.0463442810811378
28.09025547873853,80.11717398177083,10.765142366902493,112.60922934922068,53.3,16.908457337359152,0.7042711436031778,0.759950783853918,0.10777617472957542
32.21607976011664,67.3858548097786,14.649264559725138,933.9874185126173,63.67,28.321155534007477,0.8213227093701642,0.5036615743142405,0.40551631490138584
39.26018544519483,78.65358623962625,5.6580267368645805,183.579627355146,100.0,6.902118169137681,0.8323783900588121,0.8331746789328452,0.8386494862151087
37.08238441516263,80.11349955446306,12.027602526792089,252.76585995116406,95.69,17.527992520633703,0.7213120594980984,0.6024667812571484,0.6461780025028161
31.14756765941871,72.38490975660179,6.5179644495674305,406.6365268849704,80.69,22.173811034635957,0.2826646692746484,0.7722689905768666,0.4359811411354527
26.840666657041645,50.74474208748021,13.043005077224697,383.1644685591258,21.1,24.797663460555924,0.11984746403405265,0.2186413878461977,0.055448547362803496
44.92811250394278,62.73827285107972,2.7098631196695475,794.662892397889,100.0,19.57546618610341,0.40701914428449903,0.7842689042418518,0.8680135179948814
30.654532555899323,31.225578428382022,14.215292655964195,456.31682055096235,24.42,27.72294360303635,0.21323908079025866,0.6401150835550787,0.0
31.284675608241887,67.15517922324354,3.281575626163195,170.76826000333688,79.7,28.54978617209679,0.6683101179506384,0.23618642595066444,0.5040645843273724
24.090595529791727,32.54772790174965,4.893307604713973,267.2098954860741,8.17,6.607980579839587,0.6289044694605734,0.25181084651680874,0.0
39.87023871874823,68.57647133571098,11.342883511601707,509.113385187522,93.0,15.05926348853436,0.13517731329716387,0.8412004952353771,0.6184668414824868
37.34205564453721,36.07187125277781,5.9063271234811,147.4539174261349,52.2,5.586475543028861,0.7692750233047609,0.1257722883602983,0.1877996001031576
25.51924031971901,28.228591010515398,9.1231706514967,611.6556756460141,11.94,13.235416434361072,0.29899461303294583,0.4700279546365649,0.0
22.059526140396066,31.56991431000702,6.668602516041427,565.7473065511459,7.03,18.421705449265055,0.44578166039283385,0.35078023194728125,0.0
37.012482551867826,20.13944946533492,11.135549056346727,714.7023163822577,40.94,27.76987326274872,0.6343469883645939,0.6320619519987425,0.10115856598447619
36.362780357028385,70.31177324974712,3.424968785529163,937.7046153793676,100.0,26.16385806163507,0.4435350294818027,0.7717035100551936,0.826475558009676
26.831488174955233,71.26807343408655,0.8768698085531551,912.2545611011557,82.94,8.187493166799644,0.4530302422399547,0.3883024972452557,0.45797779177786596
43.771589056260254,56.04533449392816,4.498940962095993,946.0756180688313,100.0,7.325759368522393,0.1525023962685923,0.4415216698582698,0.5936756840982755
23.776447294522505,31.29539607387686,7.114629973026454,244.71559702370092,5.96,19.73168346891668,0.421154839408003,0.8855342276011314,0.0
30.80837002606505,25.848803625748282,2.5203007828901787,131.56530663935462,21.85,18.30294931146957,0.7118783145759868,0.7271332077433622,0.0
43.59039800418997,21.33902765061009,5.32195934484583,302.2767004964485,56.45,11.659441035750596,0.8321410697492783,0.8177633047454331,0.20607001870872535
30.493182923153057,31.60237238756545,5.999745274403528,895.0851727663146,34.27,27.48632711384588,0.4307977096506974,0.4510097765213038,0.04802291402424366
35.96314869160214,82.35988744882027,0.8608776553241032,972.0534746234882,100.0,28.184160236538837,0.4388686615032631,0.2872609631872922,0.7373946117435054
29.939859949069856,36.907578919117725,8.749608722763067,859.324951070476,31.73,15.065285958504067,0.6621016850589216,0.42949077230916133,0.053027799364843184
26.85538005871675,44.7989929052051,13.265151419569312,110.0177211275436,16.7,27.257563927838007,0.8542176008842213,0.6728735342652108,0.06173369843762874
44.599441198995706,27.374183913693322,2.2761436942957864,947.4279980597931,85.7,14.598722356574315,0.3136487521914882,0.18754432386878347,0.4464643050689121
30.233350157876075,35.56529133237192,8.967120201022711,423.35802735078596,27.04,23.420420795742505,0.45211536523034945,0.31637528449320707,0.04273765668990525
42.352480091978364,56.34571995461436,9.971088073662694,9.310290762353679,79.76,16.8985554386931,0.7367785948418409,0.13730872036927233,0.4362384200828127
25.748865147277154,62.542687816695675,6.290020206289325,442.3937407481936,35.9,8.064578912679575,0.5877548554992308,0.44587819067050527,0.0
25.327617600627082,37.17466199163478,10.51646381046405,46.06916967546759,8.44,28.198355030925537,0.1884690751711638,0.7619565887836907,0.10454808336424709
20.778352072112785,24.041251145758203,6.16097315236518,543.8779211611176,2.59,16.352414834438413,0.6021861884498125,0.11973095063840865,0.0
36.29167063439712,47.37230083891791,7.569559319661524,338.55402743705133,63.55,23.36217600806009,0.24939702767786154,0.6402588214457328,0.28688780012395915
29.21315859309403,36.39423596484339,0.1102956683164047,473.43493359404874,72.05,14.179345360782303,0.5081727472627233,0.8459966996109917,0.38994003771478203
41.608956245990925,35.368774626086136,10.375801712020332,613.170360743117,59.62,5.472021964405867,0.5232826141283508,0.28954228920894587,0.1737261351759527
31.83024766728893,87.19039618994186,9.920140184170867,868.8010958178203,97.51,7.513258967295897,0.8009626897799879,0.6549078725821185,0.7518611754013828
44.20483569786804,63.14103401480068,0.5760131598951684,661.9015764719286,100.0,17.40548698724811,0.4699954192099506,0.8800815208801603,0.8308390820193235
24.63813789257803,58.98149102204671,5.523751610926996,434.0488684781807,28.49,22.24910892815906,0.3235539377887154,0.8698224481219706,0.0
41.71557919889027,49.104257246632535,14.685477611875012,819.427853670365,66.59,13.368383164481976,0.2847730785728253,0.28794335442331465,0.22764258055657463
39.41492131979354,50.0261033401101,6.311048438529252,905.5821375731322,89.2,22.38721147944126,0.7994015013474689,0.18026484256965497,0.5676920600253058
39.2730461161013,57.863350268665656,7.5291810769776255,119.75996643219722,83.46,22.4658897357989,0.23680868353458273,0.21862603031673278,0.4338678202512751
41.11958070292219,68.75008649252752,13.648952372395778,531.9329775527915,90.25,22.59839768319577,0.440694848706515,0.6616285347857137,0.5662085619928601
39.02559977357497,69.15022673272806,10.758928137986347,284.51195974244416,90.77,17.31304635051271,0.24973849194155762,0.6806071003626204,0.6489559655025742
35.655508040785385,32.01857353938147,8.731051966863353,47.0611978769474,40.0,27.8721537530376,0.7186432320915003,0.6393892493025592,0.17011265004582488
23.28112194205969,55.00789264536389,11.967070220116089,668.5466951139854,14.19,17.229912949515388,0.47949811197969516,0.36886271019379047,0.05452913582028399
20.8131544872813,48.837066652387136,12.965493996839598,862.7707774592255,7.48,16.256629837415954,0.3809149524454497,0.23582155180649772,0.06459897435301014
43.02119619539217,80.93688763885689,6.853321076059003,162.90265447739404,100.0,9.984520475265676,0.3888797125011735,0.5646088735618026,0.6923550158941432
35.41625786301845,64.19932448528635,7.126625473977531,812.4136576239005,93.28,12.691377183908413,0.7817713653783835,0.4869443566062932,0.6194049749774282
39.91343227440441,57.275284649118724,5.790764034777537,853.3957335369416,99.85,6.058362312957584,0.5430191634355505,0.6830673176978428,0.6826596240975815
32.03805878781375,28.077624952524218,14.500592100276908,914.3404426664835,29.82,20.838382340404255,0.6742942809050109,0.45308806294849713,0.07144031256121824
22.93270472405986,62.3946522526388,10.457493814355256,265.28508908605244,12.58,11.213393598177323,0.8176308130005476,0.3709117557491747,0.015580015112895175
23.129644805063762,28.20427339761634,1.2483459931210845,903.9530651898892,39.31,12.603881362136628,0.8213933408325137,0.3347828618872115,0.06952486122341785
37.13913218072429,43.60446028960264,12.944394349695276,320.66275473643225,54.45,24.27036304160803,0.3628072434702906,0.2691762560397972,0.2302814435706242
30.757647372486566,29.99893753700323,7.208399112544021,552.3380134555028,28.31,13.180529579036348,0.8619610105171083,0.31259710094932913,0.05282876301210019
25.013118167508416,68.44515529170582,1.031308596337312,50.50747083228213,40.61,11.054897300328555,0.11990070561168437,0.1758643510752811,0.023022624662014046
32.28986366853592,34.43764796853068,8.245758827449666,43.881088368743605,29.29,9.226443728342645,0.40146844881293253,0.37748560874311166,0.0
21.605223426878354,47.43015612316182,6.2574641846355314,720.3732127322029,12.91,24.371460054548898,0.8166390860070732,0.12925584989036656,0.038916551505771904
34.54928504785997,82.6972344333145,13.166241072939373,444.47997797779107,91.47,8.242656449750672,0.3197095038535863,0.24913107773306145,0.5644342205439715
26.724835110877443,34.30214683792792,3.059919054140811,256.29237536921755,16.32,16.343844006258838,0.31846516025705474,0.6974163556955433,0.035775818602313464
39.93897751592971,55.54635447711454,12.396969142382744,190.4134960249102,70.96,17.67325290192986,0.342097828065511,0.3603751909412981,0.40159686898169467
27.759048973089342,49.349016281621545,8.365330367781791,669.953490859218,29.59,22.184747817142863,0.5898507078775378,0.634589613581875,0.12135611215448994
31.38050372704503,21.26868287320108,0.8191545482020357,0.40154402533987277,18.41,20.832087058324888,0.4506662204914831,0.6735073404778219,0.033794832270005216
20.290513497702516,75.4930679500969,14.57767951988227,805.8911691968542,11.64,25.26801682362937,0.681387869082674,0.5649482741856908,0.0
21.81117219486397,24.83321344202198,7.6892286615479986,79.24960612992882,0.0,6.118785848155953,0.8159285140517326,0.8669581930923188,0.0
29.81233891016712,53.19785146838675,4.363152813473738,191.48961490811945,45.38,12.411018119484929,0.6393594999542885,0.11715189329849061,0.07721503697978263
31.998470867928088,59.2474806457265,7.041102629838871,386.2363952990896,66.39,12.003352969384494,0.2635733761580604,0.6909221204705137,0.29738527701296524
35.000513702982595,63.989851963021096,12.867866752762335,484.8587397161036,71.29,8.650422639802706,0.8461455218884018,0.8670293151523264,0.44090730984135357
27.29156446773258,68.20421405155129,4.573546865775953,354.9951158139418,55.95,12.229456346411078,0.31159429867798283,0.7898173834823514,0.19572430672293295
37.37454715316356,37.72906684659006,2.8901459473005047,320.7121649842939,66.08,12.744132853572586,0.21991543626252652,0.23431415344401066,0.2902565447033864
41.503059929730114,20.698514366091455,1.9360687039632218,963.9160120731884,71.32,18.047111548186955,0.17197382308876874,0.36145624500138573,0.28857089251546775
39.496274722333744,70.64105636484385,4.467890975853169,641.5796812433942,100.0,21.5926119731564,0.5507069925329325,0.23796147190117234,0.7933894724142025
20.990470633708927,57.495961954330504,11.700721305600652,23.43295536738821,4.04,14.527512840295351,0.19100996998452147,0.5810466910517633,0.04140163632035119
32.012673681445726,78.52823922450742,7.074395477928926,430.17590844431317,91.51,22.98675578283453,0.2110207072901046,0.6697503855835938,0.530150517786192
22.623254460454373,77.4971854030486,3.4122240554030996,875.0086997439702,63.73,13.4041334644895,0.3400243844763973,0.35365901549044654,0.20415690314568943
26.051125396563187,79.03283174515182,2.492774994146238,301.45618641066795,66.26,12.25709193286901,0.32532240774757104,0.5316052591874364,0.3013142972521212
44.66656483167866,53.95662619856781,4.990942147655686,94.55634477438824,93.5,18.529701396425608,0.5833916082657139,0.652736456056956,0.697557909712437
23.56238857253783,43.3539877085806,14.098865593285632,758.3847715899178,10.91,5.592909007644765,0.7533962235781452,0.4370718532888387,0.0
32.4722038362839,75.40907418139591,5.145400688850366,606.0138319360813,95.25,6.994728090850009,0.709079724962314,0.7832124243643674,0.5607087895057965
35.45389335795298,51.590587912047845,14.82186113931953,570.3125078265039,53.96,15.449238589663176,0.3099875637731814,0.7172399482302537,0.1436386381830238
37.561624263602596,32.840953748240416,7.278456836480343,53.57655960740792,48.55,28.572817784793912,0.2962483983887839,0.15173243508045653,0.1208608253380202
33.991217087172856,79.8481813693032,2.687458774352263,140.49900979551734,100.0,23.037794496085592,0.8726332240855741,0.5969002392726632,0.829819168652889
20.24427118547959,81.77919137406431,13.36710137690264,622.5493962131138,12.44,7.203164237513944,0.1065889932735681,0.28826044076779966,0.010468742160856848
28.1615327060998,52.64168292981191,6.905330597022403,207.8238414588358,28.58,26.15795031952184,0.8037764264481727,0.5460146117338203,0.063609158665584
32.94279108461779,25.29898091168512,10.645070152567866,504.07007974842435,29.94,23.307519265204526,0.259782815297924,0.865510754106373,0.07395937846402119
22.196662478620834,47.14782629418519,14.755673748137276,544.8816860293934,7.24,20.273663142566328,0.8578274584718143,0.8032496036418001,0.0
28.76567328022952,76.24763616238224,0.75263025479961,283.5071902709394,85.84,25.507324015229432,0.3738458278620158,0.42361312249210537,0.47338487370203425
20.830077719784164,83.124181998236,1.450418396813507,948.4251555414928,71.93,15.102746193573928,0.45228141911460185,0.3332110866754827,0.3000567450452365
21.964462428875517,34.24309197483171,10.806851121941342,842.4641068355752,7.45,10.53752627134632,0.6656964911555048,0.28752459552660725,0.029689150445330343
29.9230819050399,24.688152841769007,4.22737504943208,722.3735076327985,28.62,17.800584727718984,0.5701352411786083,0.5260118958052161,0.05877695431031644
23.31789385107651,81.41453171929871,2.764520954251486,77.99386640940908,41.44,18.721043889836846,0.35435146376545823,0.19139876260644506,0.10171412256967051
34.18852120653895,47.25834572852127,0.5904281972959424,106.13001930901945,71.26,18.4581593002478,0.5430647326942588,0.5394200065025989,0.3175115153242437
37.236624228431644,57.92326749872943,0.3277006797930271,492.7813458649557,100.0,19.126844787002632,0.684565507490309,0.10106691159263362,0.728975489576961
40.01466747772707,87.76460684355312,11.617284046796863,160.71334919098567,100.0,28.717622955979518,0.1338679567219937,0.35907970459667593,0.7289765054832436
25.003756106120253,24.6595309539956,2.01650141054325,978.2654635294741,34.51,27.556140577405785,0.1089594442045633,0.27594745106446505,0.09028260796611405
24.187064556476745,65.38226052164669,7.015809239567263,158.52023402740946,20.46,26.892925913973485,0.4664535512583131,0.8769750319686257,0.0
22.614196008360008,25.187379580240695,9.088452227692246,487.467835463974,3.83,25.03542027271568,0.20546929424281135,0.6817938556559832,0.042731478367317145
35.91075623859092,46.28282499265502,6.425277008532694,364.12105684150544,64.13,28.585702681632135,0.6314754331717716,0.37972270436979016,0.28778513474075806
37.66189316217253,76.26701816354128,0.4065997850434966,639.386421454098,100.0,7.4623660419850815,0.27124196498194736,0.1742760692244964,0.6143245881547761
20.78965362064105,50.34305629289441,11.752522538818633,129.0364088894249,2.59,11.628081536143487,0.44628088543653677,0.5134404757524992,0.0
43.405306156092244,89.80276477320653,0.1576983681248023,430.3164280423909,100.0,17.376398641364624,0.2581367494994152,0.27075830506083387,0.6273998227349286
21.29928209128681,59.134149946262156,11.42834841566226,274.70503280714365,7.37,26.16336232808513,0.5387868685992996,0.5291436367186862,0.0
33.53240838252676,42.48135068451674,13.399567406821841,887.751524671688,45.26,17.629142788068314,0.19284276750765514,0.768289883343114,0.08847055480345638
37.72651298627291,35.40779281333272,6.492598815857584,40.585712134695086,51.63,23.70086848353972,0.11848548222998422,0.5926340416811083,0.028012981977144635
41.77422809365214,44.53643740003133,8.033137096466973,913.7274940064592,80.34,8.473997631222906,0.14090531048535776,0.6070307356360017,0.3769891189591744
37.85217330331069,46.07732916316856,7.154750889264807,832.9941385530004,75.19,11.310345324414005,0.8634067532122479,0.5328242312502492,0.4309687763252978
40.04320207674479,24.809957440677266,5.838129279351582,297.57071644081543,52.87,23.29440237594181,0.21382897488874866,0.8418125061051274,0.19373090871708593
28.486254813570152,45.87019395987412,13.311368030555403,789.2906546771047,27.32,9.1183502221931,0.6667826025094682,0.8455221475364827,0.005917160863188355
40.3706278436628,52.49669638174574,13.409002660049858,31.21356033874756,63.82,13.783898366373169,0.154340963378261,0.5101785608588417,0.2273706448512023
22.00287115961688,70.59164265671632,5.037245469623018,966.8655502933937,47.5,11.621656445339285,0.18652828178814573,0.34460758971480354,0.07437915386238472
42.37041640151319,65.97106393051256,9.22604631022047,526.5949425897893,100.0,13.746542355561962,0.5071010011274678,0.4676696047035551,0.7452972432451846
33.689809403843405,69.6135958660408,13.903613432187962,303.28102606544525,68.87,22.708101226949257,0.47189674412347493,0.24924632975649255,0.37598158495992756
40.43244424906234,20.585457731379996,14.430877484120273,362.5832125946771,48.96,14.196179528570026,0.8612642475518957,0.6090754522544715,0.1851548453479719
31.307957112957503,35.23671797063752,7.634385606330713,66.40535346049737,26.68,18.881583065198505,0.8558683624165899,0.5000738686257866,0.056529879320528435
36.08944237991312,66.31790018798995,6.792372079264902,989.3495140420392,100.0,7.498296926360242,0.7236869140339721,0.18264038225062393,0.6612934949992385
33.16006652340283,53.8792557725823,4.180414738927887,39.291945150692456,62.1,25.125442330865695,0.5816814641018798,0.25811822489569225,0.27863239093200454
38.2897380438833,20.371943296784217,14.38307809785615,654.907123147859,43.22,14.247215641203121,0.4639682539144089,0.48370556495962147,0.006178846804412941
22.04074955076474,76.31462497022756,2.1422145670930104,442.7359277064583,48.84,21.21335397583356,0.3849428274627369,0.8100711925750866,0.12418987347263877
21.508802099764097,74.09667013032362,8.697443640715875,948.9162181887151,30.74,23.134740041545815,0.8576700375804444,0.553112576504878,0.07454857576252179
26.177580850253662,58.38934140954939,4.238254012779583,245.99974030679516,33.95,10.241523052792509,0.5823270491397484,0.6452280001667766,0.08755161361532915
23.98861700282971,24.65243280433905,4.185124355216949,532.0868239380113,10.46,27.11687462383375,0.5632580221487956,0.3712228397951278,0.036399227628225374
41.794589164805046,73.65605346728093,6.074528810642827,482.35620858275297,100.0,20.40560629017382,0.28552089741513187,0.5571291144353875,0.7771764115058881
25.480349683951108,60.859951141195474,14.981894037234818,702.8664440501013,21.15,15.718128543787037,0.13735825430809045,0.457903858110454,0.0044922805298697865
44.39663139547828,74.73719840105714,0.824494602597331,68.01023195242051,100.0,9.558379589455487,0.8561508638076355,0.6273039300985286,0.813139548173619
28.422394794277672,72.62228946770884,8.678127273052972,193.78913002335486,52.49,28.55752344753017,0.3509882070757232,0.1404604528632083,0.10488231539209932
24.55294789221748,76.21014503704859,1.2385823705291577,214.56482009284983,55.32,23.87670510329063,0.454071218659567,0.49464017299116736,0.14019799767526916
39.74246267856198,56.26056464832374,2.317812449857785,738.1507548416897,100.0,10.200614068331221,0.1917119548685655,0.3367941001151736,0.6503667358594505
36.4676943875219,29.82271627354605,6.5934441265934804,189.13869632674007,43.37,13.442769368105612,0.7695394639274337,0.36094804902232747,0.10270255055505875
32.45489291132847,66.98102313657822,7.6569019701966194,573.4917638909767,78.91,25.24185645220183,0.1221054662847445,0.8687339452464492,0.3605768903445577
33.88408877344078,63.43316495363794,3.88188612546786,215.2438205009537,85.27,22.391941580383474,0.7671926096792773,0.24615585016910624,0.5607495188680726
37.980044456806596,71.9577231039361,4.746856963116243,861.6249500839784,100.0,24.144607317893108,0.21222801023037344,0.3489962020628775,0.7837840995259114
25.711368533282467,31.89167042355147,1.304505303838996,942.1854544896386,52.43,16.030027555323308,0.8092512901049217,0.5079140605846975,0.15625522659885094
44.90834790141855,33.648263993020244,4.548296757663758,518.4929749422405,74.58,22.911906566054174,0.6838181098689259,0.790421558519699,0.5384907443168077
44.36982905366958,82.32866620535299,14.498376590708162,352.3088842091783,100.0,14.662343071597842,0.2317362100058441,0.4333360665650964,0.6633630399805341
36.25814215867342,72.49844589164496,14.170610725087226,234.05777501749913,79.8,10.28157292345491,0.5526543942875745,0.6950922247105369,0.411838263088578
24.988561273228626,83.57599420902261,5.023174352054775,49.78100152304377,46.74,20.816925871033998,0.3501250514841756,0.7850992785718419,0.10108483983575428
37.00570606078229,73.11007248147445,8.562809044181424,268.5000761974954,96.25,29.400348139969854,0.24258647912926679,0.34801308465747915,0.7092831091120204
21.804960224479395,61.80087141932113,13.643930866664165,654.2357799453179,11.48,12.76502428488324,0.7873457595288867,0.41420014683096795,0.0
20.766312555145152,65.78929159195116,0.09275733961345012,533.6169313092108,59.53,16.524239805313492,0.4228182132057835,0.385244978950685,0.12963529369907653
26.442072212780342,82.2389546758007,12.160253555063878,944.0412782809275,54.58,21.85003427674634,0.418834971492306,0.7662846468943368,0.1538954808775168
31.565573918482908,60.51647281583584,14.225543291833786,396.2772624917006,45.75,18.537657053062198,0.23590933984529602,0.13547748956288094,0.09128783337119005
41.706812635209516,64.26739270298711,1.369886015003356,693.8633423283945,100.0,26.08569489272623,0.4064525408686229,0.34673687106294404,0.8483116485110099
38.1792267441577,30.95337012025204,2.4217152904938155,489.3227474751214,64.17,24.0435676617379,0.7972934770630802,0.6435268460761039,0.3992062159098469
38.56766302999952,53.17448540812719,14.411194541570332,512.5762159242116,64.27,6.457430096558926,0.3905029683917087,0.5523547996522742,0.2934365578864767
30.637333361201883,70.14779783706692,8.063102154605195,267.7743146041175,68.65,29.96053084809435,0.8612828499998305,0.44903148743495547,0.3112140962251714
28.648374813674074,38.96598888214558,0.21294951707585552,454.9507768419997,70.88,23.810061342986682,0.85704711936671,0.5319585817771075,0.3319600441753795
29.27596907461507,34.157792636717446,3.8644799814529374,470.78499701270727,27.49,26.59758290735283,0.21591892744587682,0.2580676686626546,0.021687309661074454
44.69123909340145,41.967876575709084,6.749155114032894,706.642521748934,81.83,21.27994280238366,0.24184900281811592,0.4445732972864084,0.5403959800165831
21.002729785312063,36.90504395949834,10.393633665371516,940.6399991861139,7.4,26.40712820116906,0.7901392562655113,0.5013623873410793,0.0
41.675787403061214,35.04388459254771,10.997405672051993,329.3212774825043,59.59,7.809574373217735,0.4142087351397754,0.8209512975636813,0.1357402939906924
34.46688521430983,49.739559000766086,14.931322693881842,42.200468581298445,49.37,13.69344588898289,0.10349918582640748,0.30866813024318107,0.08679405672746829
30.965385479739762,83.5486959718474,4.312667990756386,496.2951255006397,93.63,26.91052359011232,0.3190974557642968,0.7942628017319461,0.7558406193317778
38.13144151037841,55.49417527171028,8.073301528027129,544.4613321491686,83.08,10.041380281672307,0.578103194556448,0.6153931206607856,0.5038081127247308
32.16672353561757,33.15442665707261,7.999853217894075,168.44055113191524,29.58,6.956052464500568,0.7394127727679745,0.11627266485408079,0.022097901304498912
41.83558095204151,25.388016856661185,6.084678891708562,760.4646062760667,55.58,24.702973498630474,0.20671089367460765,0.6797050695195149,0.21787029460245017
42.51754660028146,68.73093015965478,2.5374284076363027,984.9291084414916,100.0,25.887153891082406,0.18843309153338827,0.1284415020392441,0.6064536048491027
30.543023171836385,46.79591351054715,14.661848447757638,945.7747170084609,35.63,9.066305454747514,0.8376741228578654,0.8979049014510505,0.06738793135604677
26.920694930876287,77.52816626097515,12.79975779999879,197.1060388236522,37.59,26.358649569567888,0.7009186942580662,0.7981093501529583,0.12105363526454
34.80875821483406,66.16575380485392,7.474995424413558,875.3632399007607,93.21,22.16919488992924,0.5718236806224628,0.3378749980320366,0.6161820023930238
42.80908364041727,75.73690153789579,9.048681340260448,704.4936364116847,100.0,18.002067080414598,0.7153494319967425,0.30592898415736436,0.7313886161343989
25.266554725141663,39.03622275929141,3.4089158033949345,453.84656380691155,18.28,25.756254819534625,0.4430834890453108,0.40515286568448716,0.0
35.57416458908707,68.46512457227408,8.156806055876203,540.6109943247291,92.63,15.481231232974144,0.7067645978473013,0.38493357225155445,0.712859014551497
35.78900550231302,38.48433892856032,10.424551996822137,849.6001749824582,50.58,9.849848905584931,0.3974423930196286,0.39787025470830484,0.08861980421984625
38.327825560382024,85.7347935615204,7.727505425798832,480.13493963837317,100.0,12.121316915265341,0.2952756579940819,0.35462123689558434,0.6903454775616579
23.289192128181494,64.5461997073362,14.854277558774118,373.2073691051269,13.92,17.629100457332868,0.683210737034375,0.5969067254786652,0.03604832022908484
37.895624117052215,42.71582601227395,9.170124843715893,493.2474930259858,59.71,18.283269816829396,0.43573783372581465,0.23141093097649917,0.2745017947002418
42.72581301664103,38.865830360459086,5.564605688882535,579.1298040350491,76.93,25.13952066103084,0.8851016834609559,0.7767850339568105,0.46824460204861323
24.492077721756047,33.36486095501505,11.582280414237571,189.07765377834883,6.5,24.783818091308362,0.3795881458464808,0.7499219872250523,0.0
25.93858312309694,68.62486712256094,2.5569376737246308,900.9077302669907,79.88,19.53416393011437,0.8373819364248528,0.4811865662842164,0.48086026653633884
44.28487735104099,35.31009290985491,5.767737205593998,674.1869488296138,74.83,24.51963708413691,0.8463700388536636,0.7821839722228381,0.503901874179145
24.524423817737244,61.67122861492423,5.204384255663788,633.2689173374889,38.57,9.794336457341775,0.2934823576517969,0.2977160560242347,0.051912033917869735
41.35962733423948,38.52445188477502,6.477106426616659,99.49622618063813,64.81,6.251613177332358,0.7385769452704107,0.11405236456317357,0.1786699944267457
32.30694641120087,66.3378261355708,11.726697388930894,604.1739381725918,66.86,26.840845565867504,0.4464596041156521,0.5953663400238585,0.2282524789727493
26.180776860079426,77.04578099783774,7.262595482451112,120.96066223849233,43.42,6.888862344069239,0.8340197817842785,0.46632752557177237,0.030986397812275697
41.768747531812785,74.46176702012572,11.910216753989442,78.69767519539906,98.32,11.167210743599933,0.4600994181081911,0.5537316370366966,0.7396117471345932
31.132631375066637,73.25959316515471,8.647333547097988,527.3108956423933,77.55,22.382973740609614,0.6954429738698928,0.8194715272147225,0.44814738158897116
32.87043384824226,33.140568398457646,5.13104151986333,402.785534046495,36.43,15.236198440682728,0.4735739273310383,0.8759404588527547,0.034026785275468735
28.98083423499414,26.18694628891631,12.149681155252086,588.8102701562232,18.73,26.90784924788772,0.282240604570285,0.6075625118044824,0.0
34.823771285873185,68.92641799411699,3.5743450582963736,89.22216805723859,95.93,12.449494866556739,0.25948010315574904,0.7112444718819507,0.6609695797779531
24.08809681462557,45.78430496560459,3.3657446969969325,430.9830628472584,20.59,5.296783666733982,0.44034495540507645,0.16704674678973142,7.779700105909476e-05
29.77703841629402,50.26423584823431,7.5675438608225365,174.78671504515796,31.25,12.516391014018602,0.704395725611372,0.2285724679132045,0.02583422227986344
44.23530805838219,22.180436495537375,3.912738689431334,987.1000859241166,67.32,19.451876229620794,0.5840571881446135,0.6865638439623812,0.3724791824132124
26.45333581752819,38.170351449253445,0.13630552426824483,561.1502124351744,66.62,14.398459385082333,0.6509034319204346,0.4450923651104016,0.35235377998453193
36.4184166135323,22.35734827121248,9.724462909482023,687.4368609408673,41.43,18.371818893968882,0.32586108058555396,0.4567722163235246,0.0012408626790859495
28.129751605617372,81.54300408208734,7.66640732208597,325.4182806826078,68.96,26.91495297087547,0.4851482767660844,0.34688614530834927,0.3339776815794267
39.33682814216502,37.03776782529714,6.6827672173974175,94.73891477934416,56.09,27.81212635575921,0.1355162119754616,0.5858851067821951,0.14815129358166873
23.271841517958745,59.01360187011056,14.50452771927473,975.8708627835366,16.07,11.649351616352803,0.7540259327664965,0.2481320363329621,0.0
44.24552612696362,22.728552446279128,8.567987759443705,286.2590353831832,58.01,16.553511831747517,0.8919137297918998,0.6015330234511165,0.2293181273817727
31.34473853459098,66.67931739139607,12.951473666840768,423.8081851735742,57.75,18.72860038103628,0.4255032500997368,0.23903908570819177,0.17299312319097943
25.9012615836616,42.61191420278657,2.0917535430774024,649.863921702575,41.45,28.727811422206177,0.10877092250523468,0.15106082776777088,0.09232603329357174
21.837418683250316,82.8543430870366,8.538096946941415,24.697297686111284,18.67,29.965432979109618,0.2358341116407579,0.3642861509592489,0.04554369258579305
24.24394762718852,82.1682732253825,13.019694400963543,810.259130517287,34.82,10.885181221038167,0.622021502200335,0.2849122736078782,0.06542533472521689
32.99434871390044,42.77034328532234,8.74658635919847,536.5781900286203,43.0,23.174496783645385,0.5896634545630873,0.8111933108450659,0.072491424697992
28.425079410782157,83.06726269833275,10.770212671905023,278.21718706882217,63.59,14.45077655582988,0.7302917756684352,0.1439627630949013,0.20312010786792753
40.72208414706523,89.73103714491452,5.58065351718311,61.607985292469245,100.0,5.2027049221553305,0.30310720876885455,0.2412909540592983,0.5443591590743567
30.772188091545146,77.77909648867637,1.386742755555999,162.49841547444143,91.51,5.231313060897559,0.7109055324377073,0.5389756844664396,0.5359642167658
26.217856814690748,79.14099434286604,6.868504426906071,895.0338588534369,68.91,16.514150189056394,0.6503872172189358,0.4848537526779789,0.4057216151859494
35.42862466510075,37.430611527636295,5.917190862582863,686.024223935891,57.01,17.208372825108366,0.35825159817107466,0.13668161469976126,0.12947239588654363
37.669430422136145,60.36916792004294,13.00590273568421,249.90172163688985,71.85,5.564242414336066,0.5363905184455696,0.10580194241211559,0.2175106961030697
24.176047697523746,24.707913977715748,3.6599295352870835,65.60076494502954,2.73,22.173185419357562,0.21781904679866138,0.8904543535689199,0.016096638441088426
24.190480407207943,26.64425557751688,14.501013413026621,690.6153123866363,6.47,12.350084714873828,0.46205160274846613,0.6270677602870706,0.0
20.916785673338573,89.92248284233034,14.372071797067441,572.4077259677651,15.68,18.997327538398736,0.8049578716445128,0.3923249047212455,0.0
38.41005037664101,42.86474745981377,3.7144746460715803,404.519524458235,76.03,12.52297682913547,0.4369531038603126,0.4763457981305931,0.43360160394251684
36.59511319054513,72.37287384341926,5.2207793321598075,363.6114491900638,100.0,9.178357871732679,0.7716533651803376,0.31324009636342953,0.7513794054877011
31.865771893745347,76.46655371187715,13.433336113108275,216.8142759291083,69.44,15.179343464971883,0.5722026922077555,0.3758990269545678,0.2722127139402168
41.10426122422993,80.06162897050604,14.499333313441612,669.6112565375176,100.0,10.80683411976252,0.2535013704818854,0.6192355738145712,0.6817323065632963
40.14175382375133,89.83398081815096,6.65158654254066,970.6680277938705,100.0,18.3700244229792,0.5648849957583172,0.8062494390938966,0.8030076690190757
34.6338591099188,36.90475396798075,4.814955684613468,175.71524583682586,42.76,9.970713257162,0.5047866633256508,0.2473040184649479,0.12495385724479914
41.70678201283147,22.82455788017898,7.891410198773131,597.1166200155034,54.45,17.710149416115677,0.41891306815710727,0.772289204308255,0.15889996605839965
25.146030250919207,48.78340625962102,10.316538095486022,424.18505574597623,15.51,8.934462871721689,0.19570435161285626,0.19724530361461526,0.0
22.7979904849432,29.105646888026286,4.1021177306246965,446.6887217446649,7.99,21.774367737144622,0.4333669310777839,0.27199377887071297,0.0
26.74374028792474,21.569812241343858,11.047097619286092,254.1472801278144,8.55,23.848442111035602,0.1582099009917017,0.1297402304397168,0.0
21.427171402232872,45.229877899904025,0.7748603567196155,825.1348756614191,55.32,7.759855856248344,0.17901524111900102,0.21264948967439956,0.24816786485558456
33.2792382000258,74.86167757526655,0.7394173914662466,485.2556041472411,97.32,16.69506030093348,0.43273322634617284,0.8338425163712405,0.7003914112307031
43.41514230737404,59.63264838575496,5.794315577183179,543.4058521982641,100.0,6.771792516371839,0.34430518557477097,0.46755099729470284,0.6588304726050135
20.983588516712743,41.894459244724786,5.302097880910809,304.7609127973258,4.56,19.954561138550062,0.8404354606897788,0.16213268942268286,0.01325799661174421
23.052747850250668,65.80394038449037,4.734498230507284,181.80846566694976,22.62,11.610107448241134,0.40056464430421646,0.867781470431169,0.0042479252936253285
31.30497570708588,36.24127262161675,7.36529644003365,85.91038820282049,27.52,18.1906114209677,0.7062864976576801,0.8031938462069201,0.019177509205731427
43.34687543819762,21.00670122504595,4.811003734673569,714.1191409249159,55.98,17.93652523460728,0.5241980210929942,0.703746016694513,0.20954875998201206
27.903902624418762,73.50473705054992,2.883868777021379,196.23428168785563,67.03,28.10885865484501,0.6632685349138684,0.8467782335580463,0.41249046572591813
32.680870217209815,63.662015940480636,4.642043236329013,690.0753541887977,86.86,18.72708056421807,0.30809278641231935,0.2761035366686113,0.5393552363975742
21.0393214762598,73.3611837150672,14.623564092153524,390.3764460469539,10.51,19.574961992957892,0.8535239782706633,0.769095434408069,0.0770551213302684
23.70858002405222,22.725661168136593,6.166701254922729,415.77480098965145,5.97,15.041328144109507,0.5240707975315392,0.651992957083445,0.0
44.665753073971175,78.59837394814565,6.670691652875036,469.1774960927717,100.0,28.72699007957042,0.7650592570281998,0.7958073996541507,0.9415113973622566
44.127967410901135,63.36683400254123,8.6481748492671,367.7085081275432,100.0,24.42964773599024,0.39203655478089083,0.7375292525941038,0.8400614919490982
20.12349952336024,59.43767454988481,14.750111526213399,100.61997722259008,2.85,12.135132257571039,0.18016907924041964,0.37719605054146,0.017645683979085103
43.79529463558097,63.72298336801721,3.6240191465364453,309.6318100028458,100.0,26.105239644405803,0.638969318176679,0.7195188296138045,0.9466197516630565
35.97799844538751,80.51032728078549,10.219231657986507,663.7343606939385,100.0,15.809909004627249,0.1062077186699396,0.3099650423879122,0.6567858500332568
41.697957363000555,61.08555545912349,10.739770403125862,665.784401468871,90.63,25.71667858833985,0.4802343812524067,0.36287373042244386,0.6036525231405144
31.368496390846477,60.66652659217255,9.109866251895989,286.22430723999435,55.81,25.572201707337552,0.2542415221331674,0.18632457377838094,0.19809156486169552
32.88990071448126,89.3475409946036,1.328675094549661,460.102626557688,100.0,9.721754669071359,0.6019004035482898,0.848061292784375,0.6933958158654164
32.22116450642301,72.97111169479976,10.153084137413646,193.44722801193748,74.26,22.528528284589424,0.8835358985102818,0.3328026907202253,0.38383834809770206
36.67160643865261,50.96056638157947,0.9614206655426322,210.37208152983578,89.06,12.266074232663279,0.4715223250565168,0.5164979721371615,0.5396965789654535
23.49128136890782,69.51779000230493,8.942139743248454,23.047088406607408,13.97,12.437316749816706,0.7539986052205333,0.4130662691729542,0.0
20.74933974681695,47.2461330184252,11.09371765832614,896.7465499077446,8.53,12.408701922014519,0.5062273495608969,0.8679424964668012,0.05452930981280518
27.698248539779772,36.021282373844926,3.164548359299256,210.7066650749062,18.86,23.139206188998706,0.49667202488321927,0.36803933675078593,0.0
37.61701906841617,61.77963138214316,12.62433011314161,227.53387693646332,74.07,10.745651044813401,0.8443387945430223,0.7228366571381513,0.3741190459997176
25.04633630307371,84.9727468679766,0.45530708299506395,279.6014326451318,71.03,5.022645881152256,0.8119726949973453,0.784332923704944,0.343316297299241
36.835810833122935,85.03976640108239,12.657192954874592,127.408071695429,97.78,22.88092133706583,0.7286403721503796,0.4484851979847727,0.8515286934660258
44.24780115268176,43.933369467384324,6.904935759641476,639.2628831813628,82.47,9.279618595878132,0.3370046026534273,0.402537451562345,0.4150219236897796
22.34751789473546,56.93742263551865,3.2638190989746674,75.14295317758656,10.93,7.612059882695866,0.5360067325791524,0.6981966567461024,0.04971408364220246
36.81505295562816,34.81451289989028,2.00667217490952,134.20242632635026,57.17,10.937903014851504,0.279117786644548,0.8303167842449873,0.21773941574922648
31.093755482614277,89.69417766492184,14.299607513735587,644.7567265900929,84.55,14.4975130580676,0.4551333584372318,0.7039453864577906,0.5126541362810825
41.703556359437634,88.6782535507555,1.0899838137173505,339.6606204814427,100.0,16.897658186830018,0.4873704526078325,0.2817010924734925,0.6735361159273928
24.428744736184647,65.46562507952132,2.986401299038885,707.947826701189,56.36,6.1142510178157705,0.7653120321354647,0.8106461979501643,0.11359652269400274
37.315648805654114,76.30898417742313,5.21733521149569,557.424744670142,100.0,29.264333315684013,0.8168226922599945,0.41006533394946654,0.8844540294402718
40.95288224120276,70.05701128985899,9.303522734416807,256.0211730615131,99.27,22.901576335488954,0.43169604991718236,0.5609835294223474,0.7598954452207418
43.61535548685058,61.52107533276278,8.172016279141475,650.827950489328,100.0,13.079851633108404,0.11416355605858977,0.7651484954341689,0.7650588731953677
37.081200707241145,23.73435978922284,1.8846523861847098,116.27368029288066,40.43,12.967431432134934,0.7894190718314837,0.25071581392039377,0.11446098368386937
32.42936910021068,51.833503978686274,4.3459197560732195,536.4103830800304,69.34,16.213563734211483,0.23942294280108856,0.7276081085420425,0.2923048036828431
35.44618100503035,67.23504115171875,3.581276566290361,437.14810504503464,100.0,20.656120569075824,0.5975055711123148,0.5769302383285421,0.7559871956795705
41.72262461196796,67.42721297185793,3.2031428173551206,267.87358281744076,100.0,8.659326664724194,0.11997672034730496,0.8146733134620866,0.723463126983267
34.26524366597074,46.11858328956685,6.167165047199806,604.0049977395001,63.12,9.723245344123807,0.4196051802084514,0.23757632147483437,0.15908942516756186
20.759676492420923,85.91843906606213,10.560471788874853,871.3335923402825,28.71,26.48586457083877,0.8887682416922799,0.4365457896327428,0.000737921905027368
43.273717387674445,31.714992256574668,3.261793983258539,998.9046997630767,85.2,11.406373097226814,0.1805548808830425,0.76627447429347,0.43216082143767887
37.23816877578903,55.02516123508924,5.500183195544722,607.7627687434245,88.93,14.504874949379438,0.4389545215997138,0.11538536276540814,0.5001052657281355
36.912834644431165,68.36187835855759,5.863761402617434,404.7058743291702,99.77,26.781796273752928,0.3457199601519617,0.1897610934125143,0.813021119427856
25.39187880994293,68.79950641242664,14.646847941531153,225.2071002162016,20.89,21.578695734995563,0.8240704987106114,0.8924521702053878,0.017725609615363465
36.47213675581643,65.40472697381709,14.319995353186034,257.09608939511173,72.2,13.542796983542209,0.7954720863258842,0.3243153428722805,0.31369836352651825
29.846610141353963,39.270174941630216,12.00206374128114,479.4549781497657,26.95,22.09248864311552,0.2901590082449831,0.8804345549791627,0.0
36.2808244260373,30.934459808063536,3.6248838122877776,367.27770128070927,50.62,5.492080384535343,0.16495022964034495,0.24602524080693913,0.1366737538335867
22.664825757699766,64.51582287786977,1.0205597113750453,913.8145226249442,72.01,23.391066500284133,0.601710715248894,0.3888755544058685,0.31499618316314115
36.446132615075896,61.95114812976064,4.753562065809371,368.29546765570956,94.23,17.175401012905986,0.36909496950696785,0.7022955556028565,0.6740552247619634
44.985343144266665,32.55492072024687,4.001918241507463,373.4445911454355,72.24,25.32955368211153,0.6376675124848504,0.6262227257905428,0.36305487951053933
21.2053009715139,69.35974018993943,7.588887002195908,383.53451243397694,14.61,28.86594130016171,0.12569580485425158,0.5648979199432445,0.04840348849470894
44.429354605532936,51.862039421355945,11.665918651016897,836.620210367658,82.63,28.14471373736421,0.20671938814199153,0.523919340644006,0.48693455422534365
30.172699018071768,66.7432414122207,12.87484408318287,650.7883208469019,53.65,27.731626086383518,0.6490977862181146,0.7747523549317922,0.18647142611458317
41.76883625843148,78.61569558391055,12.672961281157628,614.1688503188926,100.0,17.80424889834718,0.2698965242419982,0.2879588502667142,0.7266606562047276
39.559637101456836,31.88099000038462,5.395133418346017,334.14302238386216,55.6,14.003552853473451,0.7860701406099213,0.4539767415948147,0.28499706174433015
34.1754065246667,21.340140759778567,10.308515151910244,817.9041768324395,34.42,16.62588311826682,0.14687271016810835,0.22436183372516583,0.09075031101795931
38.46123023128317,74.53718104770508,4.692512962863301,38.36386135570113,100.0,22.24740008283402,0.2723855862284597,0.5767532765845635,0.7712565246567498
41.962889032533695,62.67881976068311,0.9135831485277407,870.7971723381131,100.0,27.099944421779668,0.8988481987880549,0.30043553941705614,0.8607187564067289
30.103508041275823,68.97476987354852,10.523478984044134,512.7498997939296,61.16,10.174657575002989,0.44646088206943413,0.3670736514747087,0.1755613338364208
28.175829039080966,78.67084824920498,0.14741328854681768,398.2502348634128,85.86,27.954828961542574,0.6623725308357148,0.4770005732988225,0.5380928312182717
36.68983463908962,76.19676543771504,6.137738811877329,497.1672807176857,100.0,25.379505799247227,0.24613043908561094,0.12141646856250228,0.6966912021222157
40.19614854853147,87.26441028501773,4.940689039531136,667.4155305338311,100.0,29.471400379455865,0.5878949879884302,0.17355034873667013,0.7720853548528737
39.057128369415395,57.51545551964828,10.400663077782786,12.76542651789736,74.5,27.006294332042177,0.6808848546955348,0.6487433765665757,0.4539958253547363
39.94534122146587,54.194694286193375,11.493682091405685,871.5518564582477,79.2,11.998433242297667,0.35158130869320847,0.44317598457400587,0.33675623469827054
30.889582870323324,48.132103992351105,4.561419539569258,446.7395253113928,52.03,7.648897783601193,0.7631176895807023,0.7918321775999163,0.21979778324439203
40.445855404375536,30.75837299909432,12.174405216672803,342.9665197000782,55.5,7.8060267997897155,0.5827340627778267,0.6557376029153595,0.2069103433666636
23.00522638426521,60.08250630174157,4.408751407574006,138.2455656340571,16.09,12.280582964456903,0.4112984076920242,0.10648075331785796,0.007874124157275777
33.61222744902124,39.39087670281852,6.694895399798418,439.46537435844215,44.16,20.35459309961348,0.5461139146745269,0.5933698646137079,0.10454607955497515
20.14396651245304,84.49152585490829,10.905277905212008,496.32277128437886,15.13,25.108008152429313,0.5614086779487394,0.17497989284777316,0.0
28.114645747506756,60.82335629939683,10.393803438371828,403.6466944934778,34.12,27.48125767453912,0.23242823415509284,0.7247465438323955,0.06972733969237507
29.161538371784946,61.49881263556771,14.810527084683,678.6600938268971,36.6,20.593834609230818,0.4221858958935729,0.8932061506228016,0.12204120225459356
29.904317290231383,44.844726261390704,3.377415363238978,420.896528759226,45.81,5.140782818701343,0.37474447041559455,0.5249590353932092,0.059897064051999314
37.38668016724655,23.639254638439525,9.934768703093736,961.4175778465733,48.34,9.657919412963338,0.4207221780633009,0.6462236001553043,0.04102643284788031
29.713952531758643,22.222063576109203,9.14522862413666,599.2775178235919,20.66,7.493155096334199,0.7088884707882064,0.2898513287158012,0.04873711248317304
31.217340565563266,49.63346009072383,13.726476817350449,807.477935651909,39.73,14.08311188922525,0.4860307259733382,0.4500781950030349,0.08927703555863085
25.938603271858184,25.91957646680665,2.345432124673126,109.35590310947885,7.98,17.53377484084365,0.8522529225914115,0.784876265789107,0.0
29.3312947907335,62.479286887809735,11.276972453803994,397.2912929459057,41.37,6.084929464464022,0.33494113068674897,0.23393835819700098,0.03223015020955742
25.681740681578788,81.66811039477602,8.524029244031524,336.8477014471527,47.66,13.711949394891382,0.4325628626279432,0.3124284844910097,0.06731045136307248
21.829898094211092,81.80403715631056,4.119988046818581,569.4823881365918,48.07,9.479491865633065,0.7295654483832331,0.45634694022882416,0.08250118972253084
35.086214834534445,66.13317870925627,7.116523712207611,861.1135200614256,95.4,21.176754156471848,0.5368196746566002,0.6697991134752111,0.7146741658859013
36.70531996387541,34.78622820310517,5.006648956046967,78.33821776200666,47.34,16.6068092331085,0.5376225171395582,0.40070716383653904,0.1025443343189003
35.48725865024036,80.40977819512105,8.689701041826913,72.57479804471079,97.93,17.382941173347717,0.14267213040414684,0.8421858238264032,0.6921695907835163
31.58735109501431,82.02654047192456,13.335009162219988,850.3177081575989,82.1,15.692294700836527,0.41887973017476465,0.17556564101497535,0.3858137818775391
29.494644504480746,33.76575094670711,8.53957476618303,212.85008603835743,21.57,28.900492762164173,0.316586985937386,0.396643358035878,0.005840146673640424
41.583341239295635,71.61982600394741,9.47583627489876,668.7532544498137,100.0,10.36837812803908,0.8994680982648923,0.6671632987427375,0.8125018071477165
32.97704462840545,40.05636842489861,7.781217706720642,542.8781323608051,41.7,17.916606496096858,0.3466840565058482,0.280789412529194,0.06431121994128992
31.979546940743276,76.18482186470507,0.7674825966821386,832.8935948872295,94.17,23.400434209133397,0.8075972278350908,0.6251305073837383,0.8074058959180261
20.641051645160893,89.80665299325219,3.4928783531414136,125.08890983640353,34.35,18.921110328364065,0.640986988032382,0.23137356658187677,0.07775355091792722
28.53119569065391,22.101820373057496,7.380025941481241,129.78296572261127,12.71,28.225522142920028,0.37273312735367237,0.1447842278893491,0.0
29.504890469646426,82.81561060536524,4.653529256170572,556.8183602783075,89.52,14.449208891032104,0.5348275026992989,0.1968125733989191,0.5615519695452953
29.97056952242251,63.584137351906065,2.726453966417913,946.3786533583709,86.81,16.59189514432945,0.772428703959355,0.8439878265073077,0.6292562913976022
34.504309230683305,88.13678334153748,7.561992628776575,414.99775837075424,100.0,7.21305788036821,0.8066946384247295,0.5414007063516411,0.7285646058460341
33.340063668171965,52.550666226849934,4.842146901717755,326.94210025469494,67.91,20.22497777629821,0.22831510000491617,0.7370766203837192,0.22153866741056927
35.197627319836116,79.31715513999616,3.8716146476012208,606.6893231978859,100.0,12.20529921120265,0.37165851296653574,0.36612360072404104,0.692439316432161
39.1220815385532,24.367584801879406,6.959781261605712,930.4486005450311,51.55,9.007725987889222,0.3681785441708574,0.5741269183083574,0.13343911378281204
40.324643467902334,43.4695335054807,1.9992638712325972,836.9278328446237,100.0,18.613282322612704,0.13363583686075575,0.49596170696399333,0.6624458685644705
37.95307690566236,24.6911576425847,13.916185996131109,995.4836107332198,48.39,18.307756584497767,0.5785902078815173,0.8565903675218353,0.06382984106205832
43.88809239887337,88.27401934353493,13.015531468788586,22.56858320237709,100.0,6.896791030601189,0.7838560423937504,0.6980597088432883,0.7638882922335584
20.45581456690904,77.18817350902857,10.61430878610803,112.85814471276223,8.55,22.45538633736182,0.4052595102604143,0.6844341051972632,0.0
24.894449642088652,79.67831948721793,1.593207413826843,609.467763366622,75.3,20.59430476627132,0.6920287559873416,0.13708261554742363,0.3538937455432636
20.189071874453553,85.6575662003726,11.638158817045396,820.5764393338497,20.55,9.72543206866243,0.602160330880592,0.5397357352029529,0.009921655240821333
36.186867853865074,25.957244028384974,12.119359921635285,285.24434230676655,38.82,16.735871553851098,0.4005189883944007,0.47359316312145194,0.014595408852842606
42.450763723749674,46.99183147593334,11.516469265715065,239.21108803421876,66.75,23.008072911964,0.21284783959383768,0.8422738132849557,0.27371976149239463
26.087057414407482,24.972442233080148,1.7094883067886175,786.9757993812009,31.92,18.235893513531913,0.6674590822207739,0.3058735905516258,0.07085143139779848
43.175863619907666,34.755517108502005,9.658619356016471,56.381853853231576,60.0,14.887226904589255,0.7836521351529924,0.3158667626328755,0.19559564624841344
21.50668475723902,36.055604392637065,12.514871936240977,369.3826475825851,2.18,13.058461452023591,0.6486835939211935,0.42907699910520036,0.0
43.36090067013786,52.83750477333051,8.660301018295016,505.8092225923297,86.35,20.25984666610134,0.11430278722785446,0.29469577072510084,0.458895296013189
28.790567180990863,38.79935172175498,9.696110628421335,560.3486743503234,25.05,28.477717457756015,0.272986315512793,0.2033471342469996,0.0
22.53552071123041,27.068467477243274,6.875452191394593,728.6151567927769,8.74,21.793621011937084,0.15558398790682554,0.7859318773206406,0.015132996357730823
32.14679397965814,31.72437623658754,7.9306097982607895,354.8457234306582,30.9,6.868647590907887,0.5563088796609814,0.5466212195231327,0.05369096742537799
26.4194141930127,30.309289448646364,0.5156528752758782,612.6843446746072,49.77,16.517124337053346,0.70518214307233,0.7890901751652535,0.06284797539786673
27.12182254904807,88.11537585386088,9.58444532959927,585.3754227909563,70.01,27.270603287765688,0.18846334965492756,0.7649078123229568,0.3762132245336669
27.682249123157163,73.15047548429315,1.221708193367388,547.6161006537471,84.35,7.361560645027172,0.7706702564747082,0.32563388383173686,0.41064246916865466
40.075647445816585,87.74330256886934,6.525218915103351,640.4832931422122,100.0,29.721892803438582,0.5444071827163866,0.5381899554594192,0.9384946372734124
33.47903191688136,50.7818340555536,4.389826465011117,259.4491710680763,65.84,28.72673484113553,0.65197520971338,0.16657416219205637,0.2839827924284605
27.782692478900092,39.48579371638596,8.181419253175696,84.64875358462898,17.53,6.9568620182468965,0.8771214788869169,0.8322015072246067,0.0
35.25834458277296,75.88052380464308,2.0012450328481064,119.27167203974342,100.0,28.335333011238873,0.16694479059815787,0.4234101720521225,0.7203561609378337
37.90376685557984,42.837774262880274,10.374651029599773,224.58238265390108,55.63,14.078314756486556,0.8209792183822314,0.4149409471112171,0.19726941335423534
26.815600018338344,40.956836159374376,11.925173053927056,500.19793552278526,18.28,26.117729176896564,0.20088215678992746,0.34220429649436257,0.0
30.33872753813379,36.275419454548185,2.4503167461473474,840.4427505460201,58.79,15.459583442831788,0.41436704530934587,0.46853099576856305,0.19008016646999076
23.04715233342369,29.077528475696475,1.5646963102782325,701.2933420883841,24.38,16.021377817562897,0.7811509570648915,0.30140750923635845,0.10321358499802596
24.52873373836701,37.952414271173616,2.1827322418103874,789.0406042020471,36.77,20.856077274438565,0.8250033893902946,0.3998818182374436,0.032492814800092744
37.02794634912457,44.87238239317214,13.156913428477527,350.9756239260914,54.69,24.361935481899582,0.5050973388361163,0.7399576388679056,0.19082817781117867
24.535958692390672,67.17959457020113,7.922838926345342,404.6537416485502,27.98,5.8447287737062155,0.5752837106203401,0.7674044028681375,0.10165185787836423
33.1290845916765,24.37953895536161,7.008914940112539,393.68188599061284,30.54,19.828899888178356,0.6665178676788457,0.3433459821028129,0.05391876093811055
37.72615654306082,34.73548577657401,1.6006772865353143,191.87318440450153,64.2,9.668324852434274,0.7662069347621714,0.47521154444223035,0.1675750593676365
22.671923077368596,76.63165482041734,9.743340101354427,61.21665814357202,15.08,13.648737946580074,0.19720893563013295,0.7990558210240418,0.03180810106608689
34.182805490722586,30.284534650863954,13.019993878426348,590.9160928272267,37.0,13.699216653880413,0.7480554465833821,0.14213866546375772,0.0022109068452842856
26.414069592534094,43.985160256576506,12.422788039851794,989.2166834205862,21.56,16.72650850552884,0.48502092040929345,0.8113159695966283,0.087735827622025
44.0731718809395,80.52612453006981,9.39082063471202,166.82970495026282,100.0,13.353410296904334,0.46049874008653524,0.27534747652186536,0.6582562875540567
32.08864116799812,30.844771780040986,1.1291807497751045,46.684819899273755,27.01,7.684027961266694,0.43911980159759867,0.6428313953715007,0.1755285933925171
40.14981374437895,25.791578493273292,1.6859554076401944,779.5316818239329,73.61,8.640718463136286,0.5073692681968341,0.5660413571076802,0.4074400929486656
33.755663553906544,53.91765965560076,0.7396348066473701,252.5860066847242,86.18,5.835949639027442,0.8560404427156828,0.5423525985514017,0.47635263770471803
21.085313321370478,41.16936578949755,3.8621882473870395,829.6438053529283,18.11,16.756227133218857,0.5385630182337213,0.7874881798022572,0.012314561252387881
35.828784389850554,59.43858551386979,2.034922007405666,703.9366670345154,97.83,28.861192371324712,0.8625420306105114,0.18125771491572903,0.8413499335210609
43.78508355516642,76.26634233384326,3.9007206037865085,945.6735370508046,100.0,7.891880591202914,0.24423210449251248,0.37762242026050885,0.6850737396989747
35.04029550365828,29.60039417069202,5.775870835784425,408.927235756672,41.41,28.65661232507705,0.6793087830661065,0.5306021970758125,0.11839852575487175
40.47972148566976,60.64893591879995,14.144741761067035,661.9698394506341,78.9,23.33403786830234,0.7497916308869977,0.7490310831568319,0.5494235456567647
42.1051615837102,55.38561322729048,9.15564089672538,464.8547808132707,85.77,20.937470073354078,0.6433030650678895,0.2731544667293372,0.5232570852981391
25.701994298723314,30.08551502092397,12.524606785244435,630.5886973085435,11.31,21.131943883089072,0.5855378241812323,0.7423438730994211,0.0
25.301120997705667,63.67989398702877,10.655272510684984,449.59890600773736,21.46,25.668191209907054,0.5518502248689459,0.41971078599514866,8.367465654398124e-05
35.274524721274794,39.15482925025401,1.6875469578994762,188.63224642407482,61.49,7.672996609495534,0.7887443860629568,0.25113108514695637,0.2525775793388117
30.27571174516762,54.148402298080875,11.038806095609232,507.8974160033809,37.66,17.61885808913854,0.7573172777316001,0.7071891523547861,0.09112024848496922
40.99653257166801,25.75906269939433,4.126483223386867,528.5842014374423,56.71,22.427278456518962,0.19783097694447963,0.17271912117963828,0.18532900890340548
42.50057808495028,52.170884004953614,9.586617704920595,810.603848260161,85.4,19.67051112683909,0.7788701256247025,0.5118138992603544,0.5956165504822857
28.83553448256795,41.45244276299742,5.114429604644828,735.5207057935812,39.28,25.819476775582366,0.43125489555235397,0.15110062708951075,0.0
25.92176397436205,77.5666847829748,14.965083948969887,663.7916239414441,31.88,6.806792725283787,0.30295746399664863,0.3851342841262301,0.05272269176321977
39.51313788109655,23.988510889815778,3.953272192451667,113.38709555257253,48.89,22.26752598747915,0.7958148544111407,0.5808614392051141,0.15381508691087695
26.870150888703403,49.3025092442831,4.186957061614045,720.6162906637151,44.35,18.35069325961794,0.44561983970699337,0.5448924331897705,0.18442158411593945
40.56535796284196,52.09019968920066,13.960083833435974,500.3051563545148,67.18,14.479021599498585,0.7466917521414533,0.42372433432373324,0.20917670794420046
30.59345634121907,70.7504253409383,0.36966606954484005,894.0995361061592,89.39,13.506874555850771,0.31072288956467564,0.4432383951776926,0.609066787565125
36.68874748228676,60.20013025631477,10.450334818097954,919.8709341305428,84.02,20.520815819354823,0.10314345713777424,0.28141564268061325,0.45315926669007617
22.388382845866705,66.70486360359267,10.879895861038172,55.15659060178546,10.39,27.27488436610662,0.49636735432235557,0.4647060707392824,0.02732366696090526
35.59648311691433,74.39344999562293,12.54567866115599,820.6415603544788,90.67,17.404398152527882,0.1801826053143074,0.8626038845766674,0.6884791296531585
31.294191968430727,80.35420815607321,14.61658965957713,37.697390422670615,66.86,25.618079101923005,0.7035007644199277,0.7803623342270324,0.3545850428071189
34.66521157938685,41.971284770572936,14.634028787349786,367.16962569502266,45.79,15.053909546099188,0.3208601088555283,0.21618629526107505,0.11662803497617437
24.200355193621586,57.661589375473206,0.9791513634969584,542.2999756210792,56.06,7.559861569829414,0.45491651728278304,0.12382462985673676,0.16205386176391046
38.42184362360455,78.807565490744,12.327589841293538,148.10079862712743,95.57,6.537643411465964,0.1696268520732434,0.8468194501733045,0.5973318751172947
41.569926938580714,89.26157916755395,9.69464900486072,746.3138125690768,100.0,6.283359283091939,0.32932739875780215,0.5213997999045982,0.66807368546112
25.418495002269392,82.26635177306342,9.710132015596368,8.354704172138572,35.8,14.503753548941749,0.7251921946068576,0.5302702585194462,0.024422538920548013
22.392863888004044,46.00270838370638,1.925248899220422,168.59904843403683,8.92,13.430943770896052,0.22127032952185557,0.7245743965652179,0.0
20.59096465115841,33.66165620530553,9.7528074966848,580.7968298534757,2.68,22.948425590564238,0.617727648901566,0.3517511790970612,0.0
36.04928751108165,54.25747761846121,14.737238709018717,714.3875620372924,58.79,23.570537539621647,0.833940682243601,0.48552605506880175,0.2480487303388436
35.177350902219516,71.91490162852295,13.677278543091704,916.6431026939161,85.04,6.271349220843495,0.6438694078061762,0.8749303305173901,0.507175628438072
33.667435317851755,54.47983495273083,6.586959912072758,705.4966519346239,72.39,10.528081572225375,0.7488173514337815,0.6377189495459257,0.3301419903110323
25.798677402899386,53.82266043195679,0.5992195992914151,671.779270254866,72.4,11.856546253972493,0.18717730344313266,0.22299602559662876,0.29668956665956764
29.77264989763787,78.67612947572604,5.434402350003072,394.3411463506643,84.57,18.690299603570235,0.3005854608016436,0.20658139838748266,0.38917086235352427
34.861908379654324,45.298264534703044,12.395854674008328,1.2844255268014138,47.2,8.612880597673756,0.8156310817924729,0.2634118066664043,0.20655412730715975
32.41917147147923,80.1856272368152,10.522486521977491,120.15925873562195,83.16,8.348530485000008,0.6720844908944714,0.713369339536574,0.47634466335644104
44.694638005372184,48.47633606662065,6.890154833909346,534.5545447560391,87.83,28.59472223019895,0.611643061101849,0.33630160307249285,0.5947958343128011
23.410993813918328,42.976317397483754,0.8265230273824664,675.1298858444197,48.92,25.105072682444526,0.63101338889736,0.11711107734006383,0.08222103725490762
37.37861385118984,51.77929378397893,6.403420917349539,417.4482838964625,78.59,9.516372552279257,0.4313604434437147,0.8553394908045295,0.41538482949391864
30.107969202607304,73.37128710724079,7.035374095768253,730.6790115283902,80.49,15.164195197637275,0.13564530529412258,0.23577073311592855,0.45110992478446266
30.70499037314037,28.820141950479602,13.92833299341204,521.8622953321787,23.82,13.890549981439138,0.7275532336565832,0.10764654891845488,0.07167544726326852
37.939944141454404,33.749345111041215,9.616291553732392,74.1761955943122,51.1,24.77510185163518,0.6429705889722831,0.2897052819066584,0.19299635816926253
37.31090378310924,86.60113779641644,4.674793749819734,192.01625096794882,100.0,17.75532291195305,0.4782435712901798,0.288023029694507,0.760628757144087
44.781399842554706,32.284413916695016,7.879773966760821,839.9982232439429,67.04,8.196243424836675,0.8198076922946059,0.43760420067657846,0.2555820631282326
23.20985723635313,59.74091225517382,0.990829617332401,724.9127466244395,65.16,23.474801578906096,0.36892773198807916,0.8363118652000295,0.21445477375149807
22.60274123460416,60.55201266633565,14.588523534746052,894.761987012495,14.25,14.922199455622973,0.33545739538498875,0.8033479342232783,0.0
38.108470428218524,54.27371234351713,5.40089852896089,117.55724912093658,82.35,11.573106190803676,0.7982370600635543,0.46551564398594236,0.4600456838650457
34.45967292516023,65.1321674003773,7.168010323697037,990.2225346150739,92.68,14.387465550518003,0.7375901238071884,0.4287199239934453,0.689884007524734
26.854016663995147,36.08787080583329,5.329259613553839,209.4067139499336,15.64,17.44391409017241,0.5119838485186758,0.5440072691798811,0.02296364176887731
21.985484224724665,58.68635874437238,10.237675951743002,11.779876286642011,6.73,13.577887910425236,0.20458779156628,0.29476320957741264,0.08139744676014127
22.141456239910763,46.0521278672828,9.933482374943896,997.4229390535542,13.34,11.047644314793946,0.272057177172042,0.1417479935730903,0.06400639201752192
42.35477186660296,66.31670817404324,10.729834657937035,281.07388544511315,94.2,14.96255072009951,0.6249823923270453,0.8513793089369653,0.6844344544041228
24.796683117968573,29.885648036120465,4.0221484441788125,668.01945251256,16.35,5.479322768747456,0.4080329902723293,0.2493591879017382,0.0
28.084289052888018,59.961419178763336,4.73502721746099,176.6823141763052,43.26,24.312446152407848,0.769178553332777,0.2587205833965731,0.16975167066930774
25.6664100556747,32.96892487683266,1.8787684664431192,580.2285321991417,27.49,9.273622339189645,0.8599640074657633,0.4779682630831581,0.09818162217393463
28.87490764579843,39.505014418052546,9.832649577691688,904.0349864545593,29.01,6.097615340765931,0.7445095402199347,0.4932906758722646,0.0
21.735596068652335,35.30968602265082,0.5969569100347882,320.1811674284386,15.09,21.34246732262698,0.4020363383964457,0.11474736776059356,0.08182900827751054
32.97649477270676,32.7986445908172,8.965235032851886,670.2539760443592,37.45,24.348403220591806,0.7309491433851393,0.21836379101917658,0.08817342425290578
21.690314089805373,77.79976660924669,13.045438272774508,187.9035887984165,12.42,25.34572828982108,0.3811533387765468,0.40252385484859343,0.012310056096421863
40.00891269555904,39.999529736262325,13.362482224344504,624.7953987187252,58.63,17.337729566514998,0.23368007021250714,0.6469845548084312,0.2775360143995599
25.842802047760827,84.89866473051146,6.7355664055494255,336.4503518175101,57.9,10.134204617249633,0.12671456389268593,0.28273476546554865,0.22768155073128787
33.50029786511276,87.89485677416336,6.889555323196107,211.20825858795166,100.0,23.43069193124567,0.408573370208816,0.43841155699341017,0.8158188995550653
42.00197718903645,59.988232895596816,1.1545377451202605,313.1820507036351,100.0,22.492826928858427,0.8228474429578255,0.5458760517731734,0.878921557025972
36.27193422617985,30.010078586600848,10.061475381645536,178.84106850779935,41.92,11.15676835257933,0.2911892702045412,0.8108739956986336,0.11497893926126147
33.32394466378338,46.218377036570686,12.318891305592683,901.9161078378828,47.98,27.585193896569823,0.2652105319438272,0.36085640186169865,0.10402659479987778
28.10834382788439,75.84125843437498,3.6698258190706956,397.1868863171288,76.85,7.609286452070725,0.8758566281928323,0.20684661269078683,0.3664612228917311
28.32504782645495,45.717351008794935,6.3195132245004695,245.27930497436734,24.61,29.56720598978314,0.1200032902804737,0.4914177807180866,0.0
36.73717387995475,26.09120528119521,12.582590051479055,448.4078410159329,42.02,26.506195274436614,0.7286257203150035,0.6973772813472496,0.08528385361325569
44.85348403052919,58.974943764973155,13.156807014934321,320.53616680649554,83.66,22.197466136976878,0.3570959645926963,0.18788780564218677,0.4488192730468799
36.545979746234465,79.15845960472242,3.647699703963389,744.419253813326,100.0,28.468747206995822,0.12999036549572748,0.4397467933575684,0.74348695339355
33.94458543425063,75.71484710004518,8.258559518120464,971.2199118854944,99.65,23.057779208092693,0.8342420321676669,0.11422811300998675,0.7958797429808128
38.26626275598115,32.258619809124724,2.887397259537406,438.03365669764685,63.05,9.761424925751149,0.2117138641676669,0.12684734531780092,0.17820037978903136
31.630140307092955,67.09352300887267,1.528181462093348,861.0333999722404,90.7,16.053903452820293,0.5414234269805563,0.4863626905733325,0.6214786487079322
21.50355856501963,35.4352984404953,13.666807520879363,565.8630735596195,3.03,6.787575608290884,0.3192433659436382,0.33855783852074356,0.0
34.05742039694775,35.274527418652056,12.307612563481637,157.23566509423347,37.07,14.741435557202886,0.15215424174775283,0.7760858392043297,0.05603801989894186
43.9406321126345,81.18502413136295,11.400523527047609,690.6227420813416,100.0,23.540075493430216,0.13993798853070327,0.5817234449011635,0.7717606336465229
24.38257355894149,37.476826691816115,0.7314947821971063,513.4344971258201,37.47,14.661083773270434,0.19244535906907104,0.46314636939439235,0.044291506947181196
37.25012227051664,38.427314256260786,12.655931890653862,650.6065232521034,52.89,13.257354386703353,0.15709361111150405,0.4263482968434371,0.12888441685975013
25.02334221647641,20.045737353290967,6.570661138580756,889.6874125716649,13.95,19.8838930627578,0.7084464924159384,0.4977963841516506,0.0
33.39569211182703,80.94683238878623,5.135926849437895,440.43457065604605,100.0,26.805113224972374,0.48845296182674336,0.13235106497012908,0.7896452140861547
22.41691124116799,75.48163692463943,8.197145415380646,901.1776232173556,37.53,6.189579813652811,0.37431367307918373,0.814234685136528,0.0944679239637326
31.25927340645463,63.91302545634746,1.3702986408533375,750.6690142816549,89.18,14.636760867493384,0.43469512810560573,0.8986425245871666,0.6236983641281174
38.90408322238115,72.51860347571895,11.349698240285983,488.6049258779848,95.43,8.956018545381568,0.8431573884580986,0.24518969988695893,0.6951065175868235
28.68928810597455,30.643399719714424,8.736526153324439,603.2221356579637,21.98,22.38385626829674,0.8286014501905178,0.1963063718196958,0.028263609369112888
36.622793112180446,52.08265162113028,2.798851453097513,325.5811325190114,85.59,7.643114010778372,0.6725411840980615,0.2148619707588762,0.4875460511885956
39.88624901974323,44.58535711441466,2.823482996535684,983.5972997387742,99.95,21.620193964506115,0.8077459019373502,0.6288216465874937,0.866350173846405
43.17944548698632,26.564356837991156,2.7637297735901134,667.3511630503959,71.76,12.154521769947683,0.35571842207009985,0.6291526707606198,0.3522779433274399
25.866052046386336,54.029133965044686,0.8550358132790098,43.84685249662989,29.0,9.972920343430618,0.4048874608066263,0.7783393298227288,0.0
29.982897895232703,84.45177552398448,8.816976740575273,326.62190574800877,82.16,28.408813945624633,0.5909697454833824,0.7014611107410026,0.4957491823264105
23.810400333260436,22.804138333548615,12.605222663827622,623.3144337590575,4.92,5.463114418648897,0.5989007578378114,0.4597517386954718,0.07971826237165178
44.81208755395938,40.402263944565576,0.262473209810829,56.3332777992398,88.56,15.944431797239224,0.48535987040987283,0.5902842892522551,0.4435477471606444
43.17502419810738,34.52786553439924,0.7350696745691032,23.884191319142765,74.47,5.540674811544845,0.42052627875036264,0.6506277362944063,0.32685285213768184
33.498928257013986,36.67026575659874,8.591554150304187,450.0242395278026,39.79,17.089826202608226,0.8889442492869561,0.5101891762281802,0.14088683427802015
41.050832359410535,83.59041863155628,12.292435280790786,332.69017969267003,100.0,17.526184444860455,0.7568989008941795,0.48052078756130934,0.7977911496236381
33.02394943180106,52.76483379640031,4.901083358529504,438.2986080331659,68.88,13.041561784868675,0.44798415831043614,0.6160779565141226,0.27371302622852134
35.589642200068994,52.640958905787315,5.244215982115833,262.6933098800052,73.8,8.304044438125592,0.6818339817916548,0.5459796391805231,0.35248859244527897
22.228110802900417,73.24029497186976,8.945197462451638,164.7177469429809,13.9,14.409688443361883,0.31564935460196764,0.6151538442687283,0.0
38.8817605124202,30.814454280344805,4.113193336862205,689.1433569803377,62.74,21.80657349831415,0.1801354609898639,0.5902838191706911,0.23879548287908445
23.19283709088087,54.108574787003555,0.39912549116526197,514.5711162678004,59.75,24.559895216111478,0.3819448204421926,0.6753572484109237,0.1927598561096398
40.65169075631321,50.09896498847418,11.02842777152394,200.15421124936682,68.76,18.268765059703558,0.4223782400987154,0.6142428070263009,0.3601670207994129
39.55070219175965,61.78374833826593,9.384748694121797,319.58942625999833,86.77,19.74585986099389,0.11322969964853664,0.5157939891498139,0.5803254984444947
37.71861744357441,89.9690392275307,8.711339985834886,591.8079076633259,100.0,10.015409278116318,0.7518336013087169,0.6454374490275092,0.7696905366322949
20.904009513119053,73.8614225857433,11.125261934877347,72.22934827247785,8.5,12.183258330691237,0.38735472191134523,0.4595855721483425,0.0
27.578208898633214,47.8505992112199,10.128462563430563,147.45300926617955,21.0,9.047390251308961,0.5643345326241177,0.29333698077808085,0.0
26.577814247771073,77.92871365918329,3.0882298226748173,73.24560410739012,56.41,11.232383750115282,0.1591705498167648,0.10113457610713238,0.13752685207539414
29.003410186787978,31.949585431873615,5.287215704150267,812.3173327141188,29.56,10.622169505638293,0.2399974630004672,0.5479713177166746,0.05800999287860416
22.191068669095962,22.13245804162721,1.891652125179375,752.4092332120092,14.54,17.98621965978094,0.811754980262048,0.5725241812869128,0.0
43.42394557577657,34.31138607249911,1.9478552012682155,753.3129318792571,91.34,19.067218894768235,0.5869500223062406,0.8776391718205715,0.6367458650361226
33.845056017809405,43.828808927998175,10.142936195348089,716.325343476028,48.47,28.623685520537613,0.8602272401363885,0.3891826672754205,0.1691798980173905
27.638107766450588,55.74065302216919,12.879001604737473,669.3854236698692,28.27,9.889266177538076,0.8990000275130535,0.4153065942626494,0.07937054911040689
29.924537926857084,63.05903983788399,14.440988757917085,476.991915378175,39.89,21.0418927540374,0.3974880922664755,0.26143966507375216,0.04320068056330559
31.18006351262089,83.74240020500952,9.425206763241667,642.278163507115,90.18,25.431481724688073,0.3390424512666197,0.15642743618985755,0.5078112457279788
35.01485833401543,55.68978066853204,2.7615198504143548,38.36155478797465,78.22,19.006036594576315,0.7866848441272775,0.7182435942893924,0.6254825867508006
32.89198569241245,55.08929512380106,1.5847551817339607,621.4644226567846,90.08,11.375091312526893,0.8988891416299634,0.29974485147146,0.6211070540959501
42.98479933036043,23.51701068760875,12.192764573051367,777.8777055368772,56.51,11.563755750500006,0.6037129873859659,0.5871238888240303,0.16806456246962098
32.424087072645754,22.443808685935668,8.68134714539999,500.3583603843902,27.65,5.981326326774997,0.7361125780092179,0.6502184284363852,0.07351495105937149
44.80395037058282,58.58119733414605,9.274275315205799,357.51332842723696,93.1,12.636105663712042,0.7253966870522196,0.4769893498333182,0.6332288100607262
41.28562394362739,50.672502927384116,11.721931331320638,277.42673480097915,69.67,23.615091975084503,0.38427176657563755,0.8010816904217534,0.3817530747311403
25.212762858933395,78.7426276486209,10.549158415986774,642.8020501620824,41.92,6.1879439301777595,0.5594163042056698,0.455035872783783,0.08686476169661243
43.264880366097906,31.247570929829163,12.51687379284145,692.8011986299088,60.0,10.482382062620767,0.7664455530113709,0.3279268984334121,0.2092537309403935
22.909159947136903,21.74801634819347,0.8432085818981772,870.9675998625426,38.61,22.65581246329455,0.6504911010088443,0.8168124183692979,0.07501367339668227
40.43624271227979,51.43271375510881,11.212809551197573,342.3340824609907,71.28,24.566289070571916,0.11693105118563062,0.7892514273999652,0.2706732946108253
29.515582336914502,36.62349897265803,12.762791359831432,769.7723073855856,26.37,16.382960251548212,0.3693645351180268,0.23123195766113042,0.12187624159278627
41.94935801112673,23.47300613371862,4.292025636874715,561.3558241893379,55.06,22.45185846196622,0.2155805572756843,0.12076881468313677,0.11041951562381588
41.701417252686255,70.72188007933403,9.606709109898793,882.8364906780791,100.0,14.6988042163723,0.2863777696624313,0.17198844507969657,0.5987457815049382
40.14813500294053,27.811509997007324,4.712430957554582,527.8121082956208,56.04,8.997831125603188,0.8243915819930606,0.32923791884305365,0.1616894491256849
39.750760907676536,62.582365000544016,14.36956599723681,517.6298283979672,77.87,14.953737338072663,0.12951463112861453,0.8778078413933685,0.3536653121210971
27.61697847745102,39.67348251168224,0.5013535865325564,577.8770814409091,63.94,19.49919550507857,0.275840569569539,0.5468129225286601,0.24370786867481076
22.022982076281306,32.14472352485154,8.696892657494326,749.3153551424344,7.74,28.701332046322257,0.34765548179058514,0.3986093856234151,0.035727006926057334
30.07450446912904,46.58260660435222,2.4975532057427263,964.690478828461,74.56,6.718773802216933,0.5935072575731158,0.8109728756901972,0.4124074222787778
24.338112874662716,76.10120433560675,10.68330307765738,73.56335421576566,21.29,17.684852346124014,0.5272813520686924,0.4625090651827998,0.056764423265191426
37.37377722256154,47.44655038332009,2.638354251279931,53.43460239101716,75.35,13.22299445526811,0.2746155862827089,0.3521909027208169,0.3209228618197948
28.65249316344464,72.5538754447739,3.5307489284753633,937.5503374073385,85.93,17.707792356917363,0.2313928537785236,0.852975622996526,0.5368596281936832
44.39025502149787,28.784040775940547,7.415562165686371,529.8756255182061,60.0,5.599386184413292,0.2894384276768951,0.7796141329541424,0.21494735698640502
36.024301933633296,74.09399937655553,13.722524249953171,614.9030145669361,86.08,12.825633867539533,0.5020237013613245,0.7749347003355528,0.4463101383760686
40.56201409085902,36.5853327434654,3.1757155822195626,482.42360159472884,76.13,25.496703688175124,0.31694222856896276,0.5098277944401705,0.43004863798963566
23.31311681854621,67.4175190922211,2.1636003167715527,93.65745260747448,29.65,18.848543346365936,0.8580820012861777,0.731550719052364,0.0
41.550362056815565,59.60470883886975,11.384652477810459,768.0893784186666,87.92,16.264562320402934,0.47109217714307805,0.2434826874116415,0.6206974852204892
43.068929762834856,85.04013020481811,7.5092929850089645,747.2246450885868,100.0,12.13812679288349,0.14703681323570966,0.5585783660449949,0.6665373679459109
32.17654797047339,47.112576258271986,13.676776685726571,311.703321492812,38.77,12.451063069783897,0.6834131246693067,0.8870767382780366,0.06736897016372939
35.15632344377444,24.631563218410832,2.1992183573976343,306.2392452284004,38.57,14.57753583976461,0.36307623056719174,0.3327667444143694,0.026331645312075727
39.120245022574885,21.340883988587702,9.68891839534559,837.8413809055185,50.82,25.88926774911401,0.622791145646598,0.7354818633981401,0.12984717748282204
24.370965681510313,77.88009926809272,3.4931871922772255,72.35725774132662,41.27,29.18033017020671,0.3236754964185856,0.4923827257664538,0.2030925511973315
32.56415191158606,56.731494636300255,2.3514064297745896,881.1051483565658,89.9,15.966384533759364,0.556594993386656,0.13184454657766986,0.5908686094404253
29.966575694307828,74.26708362844644,10.251441227359058,256.66168989591444,63.74,14.833820968694045,0.7177220038459717,0.7104155182525339,0.1862828696814508
23.659349804056227,36.40979200080603,8.905269298630998,592.9847477554939,10.56,26.16376939549657,0.8424069934196432,0.23485531551369024,0.07824016342223035
29.188360557288284,44.15586218592636,11.322411875434968,935.9941790017778,31.4,15.67263301590759,0.3089017155464616,0.6051788537062002,0.10063453958849006
21.70430773463734,22.107271054792324,4.6419386466927355,678.1225015366464,7.36,18.80045430739128,0.367885560799185,0.16853135523757834,0.0
20.645297673737176,87.30446272018786,6.719574845732849,414.4298124670366,31.57,10.773541614968611,0.4714131362287518,0.8574939179967719,0.05851963221781255
23.379157228870568,66.75075346905695,6.082075144956277,689.5342089054152,36.55,23.58756339447688,0.8417398701887912,0.33337910974428875,0.06657116369405726
44.07787778972934,85.32435614315143,14.761341959497713,343.9796363163702,100.0,18.299707956769545,0.8211094854485257,0.2811717533419159,0.8859692340860431
33.738238397375426,38.58474852003506,4.383734351090818,277.2584163491861,46.06,25.22586375600854,0.17190262408051044,0.20330912325306746,0.06449424533879775
44.1455540288305,62.80245278579626,4.422258575201504,996.6832779346797,100.0,24.518318250716742,0.2055438606030487,0.8568017546712382,0.8301078277847076
30.8124469582533,67.49499778048465,5.318223132429111,750.7902311797877,82.58,10.375119206750714,0.49640734186451063,0.6695229939530442,0.43969091559337314
27.79540332713149,42.228479018031194,8.468911219354823,644.7199773818177,25.16,22.89088876394406,0.18529541824433882,0.6933287109744709,0.0
32.6535465710061,79.3676464510941,3.7848411639561785,355.28964321931875,97.2,25.001360198784283,0.37646469867895804,0.49952364910419567,0.8529583951494266
30.98779221582275,86.30130240301735,13.729349105689108,49.160829155048155,74.87,13.652681019559877,0.21870830257398213,0.4797822282163867,0.27840216221271036
22.6416171065436,81.9398582387203,3.9852834729939524,31.05687603515561,33.22,9.315227822556864,0.6088322841055087,0.1880169943931813,0.0543622462337449
36.02065786725515,71.73468831575607,13.43723597340292,554.1812554487988,83.54,5.065803889489705,0.8595963453913295,0.5478728764671934,0.38811386725153835
25.40095456273999,39.42252758074678,1.5521259546987698,762.032721039051,46.35,16.272591327328705,0.8973870162355052,0.2975331960870323,0.09525836454531356
35.48969887244574,39.713122947394226,9.848440535994785,537.3791904438551,50.44,13.81081828847104,0.4001929059975319,0.8817162662403247,0.1628253452939372
36.25502730995383,87.43522243122266,13.604782776573655,840.7850719391146,100.0,18.872745845635222,0.5792101096916898,0.7372647520121179,0.7820528359180211
23.800621328216202,20.71991471549844,2.531241575973443,33.426533093221636,0.24,9.701027314719644,0.7850141228192651,0.43039364815431014,0.029340303321830165
21.533740677766705,70.12349812695011,14.524904401488826,366.7520764259401,10.85,26.49163869166188,0.1939696582371072,0.22107300695322643,0.0
39.519039651711,69.43723137886835,6.7932504062326755,237.07039117417804,100.0,11.443880390702741,0.651651528841572,0.7282653529110272,0.8412841938208389
31.495010594233005,63.58826786648582,14.185726626615367,447.272968157122,50.61,10.66074012719125,0.42707492938005465,0.1976430136650528,0.18922267817411192
21.454094887636895,89.3076192260806,10.152300654450706,72.37639319412249,19.81,17.017851412108897,0.26491692822413127,0.25146700279765644,0.0
44.87165792924418,41.831560503460764,4.523803048103273,954.1316415710726,93.8,17.471275593606855,0.4222028949979536,0.26921641419538195,0.6175322536423368
21.444514024909164,43.798030465527376,2.8245378737565963,223.25540106936091,5.79,10.37713071962732,0.16076822957193349,0.5455125106184755,0.009717313411229106
37.37588072146383,25.52575820625889,4.55602569337649,922.3077754835848,54.38,11.796518168147895,0.6563257188714446,0.729645323192293,0.2024888719324482
44.59197313158534,50.99586955806162,1.3952611389401248,425.8931550366818,100.0,9.242630978881124,0.30219413499876246,0.3514519029797538,0.6603835453681982
25.97950260539814,38.27339683643937,2.1580194951499463,985.5241332552181,52.21,22.96150445807917,0.34912451603590244,0.16773585142023154,0.15341271027187547
23.556234217179906,44.037069152435095,1.5699066051972173,554.0583834602107,33.32,24.25222578135205,0.1968650385931702,0.4716307708195354,0.03666030370613935
23.034623485560722,78.42002531789393,6.344153156123366,930.8328641758075,52.62,16.558212436482066,0.7917272911119134,0.6984881929279484,0.17325694054745672
27.58187868918989,85.4839159469247,11.933675643863797,5.348988694222845,51.63,22.852175567125435,0.49475542342619094,0.2773310744699107,0.2120291186739079
22.526145275266167,33.001315040363,2.120753313245103,748.2388061809002,23.76,23.398384798436137,0.5577175022291202,0.2759396384314994,0.05379672194545011
37.304033542353295,46.07562520874261,1.954806497585038,903.0506531025154,95.69,8.456888191945215,0.5555461464758837,0.8577816218773687,0.7233053740190418
21.557294953251567,85.00413934807759,9.651434242759962,139.72056697895408,19.12,29.154450620863418,0.4283944916330734,0.8633229816953424,0.05035035581414025
32.73555320374474,24.326592248245582,2.957744729520994,96.12585173215149,25.99,25.525798677410776,0.25402393235051157,0.8923725856492611,0.021309400665234405
44.91742134632442,26.465236967796496,1.4641505716348742,424.5726071859556,75.92,10.112086529895588,0.6961061987987199,0.7461276812598241,0.40955259422198725
40.34925673765047,31.395369244436054,2.5027286730836646,933.6789061329351,80.72,9.654125893651756,0.20164501228613949,0.25054733533435647,0.3158253020315812
35.38048595577527,61.664898388881234,13.855970938151641,542.3865601904388,67.64,8.141528639489568,0.1830990322230484,0.2695852166394091,0.2975529306239596
27.656340519665292,30.533058970419823,12.322068791642863,527.4564637217321,16.41,8.459464063547959,0.6681160300772027,0.3721801932179136,0.0
35.59739590729096,87.76534670155135,5.310968435326411,141.12611829932186,100.0,23.704044975717405,0.2670696163615871,0.35450602506679274,0.7469058931022684
33.17603659779129,51.27001690809642,9.837311509910892,0.7895110932187865,44.16,16.741356423790588,0.34541820108226584,0.8652221992624073,0.15983652552107194
30.65208459725929,55.106257224511644,8.059135105020571,810.1400907454612,58.54,24.57335431849668,0.48018197360139225,0.7312591863053549,0.15350635207954155
23.267759418504987,37.26610310637845,10.156863952238458,87.57456298623822,4.32,23.656372358755135,0.459481053383637,0.6792070337292431,0.02031036812085824
42.16510538101167,52.967217670431346,10.24006728694139,633.849818735324,81.94,20.115317837630542,0.6668633000519993,0.24877057924650547,0.4348248337245324
31.24461622053306,66.33395428459082,9.431010225899893,914.6164545151914,72.4,22.159165164466987,0.5987454347546888,0.8276204474898637,0.3658805255035461
24.865562795519125,72.582399586783,3.991520528059629,208.651913158431,42.15,5.458893109478545,0.6155169298254926,0.762296303604939,0.13300488257268772
29.19398377193224,72.77076578969391,0.5850963114422719,665.2728362369108,86.97,12.794441170125548,0.6712434645243659,0.23091347306233898,0.5182142758440103
30.353243813223173,60.452377888586184,6.833501729851632,78.69857670750946,49.44,20.945554481485253,0.33409018193877227,0.7969362655687781,0.037373794229679305
40.688447389171856,83.30518424957,13.364608270360558,603.755143837613,100.0,5.233623837156105,0.35786664944037894,0.317798029096377,0.5874192503749742
38.34035951403505,77.21854931142767,8.542458877778639,163.93172095320273,100.0,5.824423592064835,0.45039819831644334,0.16469579666568485,0.6798603766055228
39.23262234103349,72.99336802890377,12.48586562552862,735.953560515178,96.54,26.29719956175958,0.3459697384268209,0.625457845211368,0.7742892146277298
20.27578161071618,23.892386517632243,14.874365144418423,301.2312947939082,0.0,22.100621542301795,0.8879502951766908,0.6230437275074645,0.08740677862621422
30.40384995449404,20.48145735537545,2.454243062074144,463.3910088046462,24.97,11.634243328008598,0.7512415411371437,0.17594560765249448,0.10646024563697067
32.03360379088309,34.87130940368311,10.376664587129735,599.4305420276216,33.81,22.199071002967724,0.23172375060482367,0.3550814471492659,0.031809196582677904
20.47980692057642,66.44665157394166,10.11440360550037,171.27341066623958,6.53,24.811416728481582,0.10447532470549561,0.8942515698044309,0.12605018474443802
26.495330218625856,48.783824221778204,14.699331710374176,741.637818617621,20.6,12.669857077752532,0.1342266145978143,0.6427413336069895,0.01472581939979898
39.00724557805337,48.16843815095182,14.784011009292005,302.6403406368145,60.0,5.900934437479687,0.2952507608343402,0.6840601332826634,0.14322683139234382
23.427742643224978,81.92108217607296,10.300179175861942,662.3718599127535,36.03,28.319478117193363,0.19143302866948525,0.27033382848344456,0.02738775551764234
33.382753286314795,82.68939936922871,3.654221879732914,158.28305069937366,100.0,13.629495957390763,0.5266704919140577,0.16302565680313147,0.5814814734257125
25.38004680043094,83.642268483751,11.978337571958985,688.1176592063503,44.88,7.662044082117659,0.7863961781818869,0.3215213517927501,0.17713717068939944
20.30301936609733,41.97146535605191,1.6054370131655715,128.18807281046173,1.24,17.296421784828684,0.689400176730582,0.29911870815455355,0.07975117358571378
26.030036439988535,68.37390689174832,11.71048956257443,425.3564962699836,27.03,24.211694891603344,0.27248725046575234,0.28763528059844246,0.0
44.39684387275135,39.014322689205876,13.652941862170445,247.20607373887682,60.0,10.54118286543898,0.4194394048206287,0.2542034575096317,0.17580686431485754
40.03842779707474,33.34268831521148,5.742500921526529,748.3752494281825,64.89,11.737251253334083,0.5063153676250222,0.5598045525243235,0.25515981910922647
43.989416108025836,32.92427201431585,9.459529424746208,262.03500450687454,60.0,11.06787466996458,0.7481646796026684,0.3624827806734574,0.15844168757350507
32.19635109815906,43.94753346045158,6.452140981452395,881.7173063953962,57.9,29.791826320791955,0.7712972824849319,0.7562760120380244,0.14890580048396448
22.74340496693759,50.09703338458752,6.566475824821927,891.8202114066129,20.9,9.935093343263564,0.8277746495262208,0.24715793427790722,0.0040093593574101905
33.698987224342325,78.16644197385479,4.6555633366218006,196.44131522278585,99.95,19.3880054241531,0.5073962004023002,0.47170165669483566,0.7590942928009045
31.359433363999024,28.392376543089846,11.43194430675487,613.8459450077243,27.37,28.13161604142411,0.6554197971486904,0.110926269140864,0.012030106305545303
41.1089270684904,71.4448093176426,14.042648462497578,87.71764171996432,88.09,8.672414221944482,0.18944029698714973,0.48534585796415364,0.4911171472481635
22.452064519606115,57.20184399325137,14.111262888516917,391.53709960162917,9.91,29.271354946692504,0.5522311679631857,0.14467057670117953,0.07394827104914824
32.20602842554445,40.15617398731948,2.6217192731240075,713.3217295012722,66.0,28.686930859890616,0.2989534475769081,0.8821788094981149,0.29216313706758884
23.751216617349606,54.49737091729772,13.121154744848491,659.4232468499163,14.56,27.114299676456564,0.44537350802128894,0.7324737029203303,0.015458112028545846
28.1168981722515,40.995944884391584,11.061471621406833,624.700669406608,23.77,10.363913033250057,0.6072404066453755,0.49208918130916435,0.05656274602331127
38.433926934694995,61.725736866681416,3.792561010354339,282.5408636624436,99.05,20.85137640027458,0.3055887502830249,0.1692698865434802,0.7211969610889916
31.900453234219164,50.36907459986709,1.0092691938227183,378.024949434402,77.62,24.022286824031003,0.1417480462374089,0.5739563526323315,0.376673058381453
29.397207128644233,31.508387035521512,4.01995900326567,102.94614470028618,19.59,29.650698204910743,0.10818708512700602,0.707011000561502,0.018746383120993762
29.861906964250885,28.16081521889877,13.683123551722884,719.0228204336009,22.39,9.51059555203426,0.11772762843561724,0.25257380240379623,0.04205916036710339
31.486169210149665,58.26869774504911,9.497680123436584,503.88879679127353,56.48,24.15064748798241,0.10667979001101574,0.5545666726299927,0.12582910541513334
39.62541359592642,83.16891233002724,10.815819913468077,708.7656323456546,100.0,13.470029248177823,0.18828404524630038,0.7513687187062944,0.7939250601205667
42.30211722350586,44.07703805903799,3.8572852666364374,248.94352479687277,82.58,9.390661639200058,0.2915909716561039,0.7145982221170532,0.5137615189050434
43.883367162598205,71.31000750558363,10.790822333622303,324.4382286350662,100.0,15.534423530346373,0.27697721134583936,0.7423936142937223,0.7203294346093521
39.67258465638238,66.10629484578368,0.42182259416885637,334.21533726011467,100.0,24.84589780371541,0.8894372753439174,0.8034587398957759,0.9292572218947984
27.88517239370032,85.20884400166366,5.629820186595207,25.7424097472162,69.01,16.621245092601306,0.3448048841671546,0.8501456817275762,0.3446751611313632
37.20336765216355,77.46867121093986,9.401300228134968,341.04787283062353,100.0,18.438077505076212,0.2019366266875193,0.4244169241628287,0.6895928415116226
30.9400781013848,59.66236812338241,2.191448483119803,803.3045735180335,87.71,29.87898525500303,0.5364500353342064,0.5550152820183019,0.645793487848437
26.36676555115128,65.99213487638751,12.345053616704021,897.2984957497385,33.21,14.97773248893565,0.7863659643180066,0.7325276208364887,0.060769060079419866
41.021789485648064,82.88705266088243,3.5254694821787798,518.2183156359274,100.0,20.385018867730995,0.6424483014301401,0.6577118511566266,0.7575282397909483
20.960658724058124,47.966314921085434,9.784216692276694,455.5016952192202,5.87,14.131105040384297,0.33686567130836026,0.896416182611503,0.023608560853470198
42.54404980338559,42.87562941004441,6.077957138629945,30.824618699370255,71.81,14.819641158217623,0.549292927833164,0.11094212088371531,0.24993241570820818
31.53693661561835,20.756775854463744,8.940653932164707,879.2043375853826,28.16,22.391018836135203,0.6718847793603273,0.38410657225263256,0.08094744847931545
35.93003692020701,77.85857519340249,1.611758289433622,13.010213425872719,100.0,28.447174402372088,0.6824835938941939,0.324822341016162,0.8071831658290062
36.48384805514456,76.06864902823554,0.25369199882410987,944.7500802102118,100.0,18.558973762308035,0.6332307642381511,0.3098526801324277,0.7571247367212499
42.37794351766341,27.3118162670106,13.643466410704518,489.2162486880907,57.21,24.209998223719495,0.7966483398204944,0.27802382599910863,0.27225671944315427
35.91674205418018,60.380016679289014,4.044450131507742,341.9344935747266,91.63,7.230163970424096,0.7960843666752835,0.6672990726521832,0.6418268438650674
35.34833961900154,52.47871887168212,12.295155041706886,924.21843484266,62.12,10.278950935798175,0.5631492475256027,0.16780757862025747,0.15228729706886296
21.66630101401725,28.309636685637802,14.990254507083003,24.390993110096737,0.0,17.55329102298831,0.4438850952889698,0.6932870671546707,0.0
32.9602005486301,88.63977589425065,3.1714688699836673,581.4248948690871,100.0,5.50029309071937,0.6132562364520798,0.6547406736130188,0.6969030176833743
23.75422502042604,35.02871212243488,3.977561117750334,548.9325244993377,13.69,11.32137446906397,0.7545696010963705,0.3006433060007171,0.024820370864242866
38.43584421803714,24.70639260633928,9.942896814519985,219.3204012113821,45.73,17.935032245624154,0.10452168387294779,0.302267026532129,0.11416161291292284
32.80554802031686,61.63931656513367,14.481729519009319,428.8874313502106,54.05,5.374029956407518,0.8935976072118809,0.6030884682756017,0.12114678762413797
37.00569448020883,71.72066739931228,13.73721522286116,652.2640059437703,85.96,11.613657155651042,0.2463150178633594,0.7097368843869423,0.43546691696728407
21.041822515059607,22.271041223303087,7.5431328009837735,727.1311968819275,3.91,17.850770486896735,0.47619918852798093,0.8011884904698924,0.014324220765229843
22.11980040114508,66.11023471089155,11.92665423790087,0.7168587065797816,9.03,19.32873119953114,0.7976237878742934,0.7817116510835806,0.0
37.908084701567056,57.26043131660181,2.036187796498516,936.8534300910153,100.0,28.143792326382638,0.28003231923535954,0.8719063953310825,0.9682768837332374
21.802108399966833,27.22855062125339,14.661572763060185,164.5253723928124,0.0,21.133640581265198,0.48143617912030656,0.565107916269209,0.0018301828281539476
21.781418194131465,32.076671386245344,14.465298510539798,233.5804342223592,0.32,15.368395063249844,0.20606574414494336,0.8269244490722877,0.09071308012056238
20.302711880872188,59.75820081212564,2.4559343681875645,263.47344569384825,15.61,28.258779428326694,0.4160610603105541,0.7468106186083286,0.0
43.912534957487004,40.74503294593019,4.491346872046599,37.82013655203531,74.61,24.622074584694857,0.24170836383440203,0.8157340994512109,0.3169496934087337
38.43770898647517,85.68210100559213,1.502324962601504,123.05212359032491,100.0,10.00022302781869,0.3909021990169256,0.10930128102829331,0.5856944188992973
28.831285212551606,77.31181606388355,4.0757639834726955,986.349922944162,86.99,8.271059033720494,0.3987713734341777,0.8727223934926488,0.5858775305564617
27.41338953219138,88.84970445595641,12.2393368412281,315.21673737728605,60.02,21.895290893568323,0.8945366316786661,0.4788241302771826,0.3255797928526174
28.742580743646236,38.17695872652898,5.674734107478892,115.30109033904934,20.68,18.997079139424596,0.8958504234430178,0.7385463916598743,0.0
39.36633827952954,87.88065429585839,1.3259545072013756,106.99126117462332,100.0,24.741840344818893,0.19182902292848994,0.2017632954702247,0.7009561485706219
36.53426527676036,50.18637088540905,5.133382871683568,719.4599676699719,81.71,23.470126251967162,0.6807750234626778,0.4167528766511793,0.4370950769513262
24.629889196686698,44.326315671962824,14.720750013619202,854.5686640326409,13.99,20.630288346437876,0.14139638373528093,0.3171685304167927,0.0
24.35273338335211,23.52446688785473,9.445253928888043,256.9522995084699,4.15,29.659554290722305,0.12415361226975091,0.33332701640074963,0.03618945888097797
22.45989124283493,23.693568050172182,6.2424141960923665,20.90951233523497,0.0,18.339743252760215,0.18426711539597146,0.1986044959607054,0.011151015148108158
36.50756799253345,68.44078791626583,2.49807770245905,223.0900184453558,100.0,7.827643912542996,0.8723885256063472,0.7446110660344056,0.7952586306300933
39.1093165555434,52.05502961038195,14.792651959255421,56.51569079675733,60.0,25.70683912039971,0.852690838315758,0.10739385166486254,0.1573730440724613
26.6261607081251,35.8565138225274,12.312735138946932,103.39493663004151,12.33,11.296334058642724,0.25514225622454434,0.35000436558816206,0.08555361229438184
20.523624025772822,62.97792144276629,4.222159536763791,431.5081198476424,18.98,24.432553703597957,0.22933786844296922,0.23952843457313203,0.0
22.054291686910684,37.70006827750778,1.0510304358178417,229.91837086163258,7.5,28.927677400001286,0.29242806921275766,0.5712311524866724,0.027948203617883454
44.196500871125764,60.43422280410958,0.8493833606633705,515.9458785254234,100.0,22.41988784910853,0.5124375952601138,0.3034019220916351,0.6991137763345829
27.386119436935505,45.14461228878832,1.8056722425830074,253.49375325719038,33.76,19.90075402374503,0.5557637056283279,0.3071987636224798,0.040943032323228185
39.23057869595334,77.64865586282733,8.711528754216324,940.5373011029476,100.0,16.509654391876015,0.27727474435155786,0.49067051519625504,0.7398248743566079
35.61658922135659,77.44873125367455,13.931451318082386,905.9439679262646,91.29,14.110246649885081,0.7052982304719562,0.6221512314727405,0.6479403651389307
29.548490991322396,53.41452786856809,7.451151420089767,566.806105010466,45.4,13.825118774295907,0.34764253552212065,0.19704376365213092,0.10131953247151967
25.14218155488888,44.55733765345109,12.644182236842957,354.42399198738616,12.73,20.909317642739765,0.8377050604235283,0.24040916197239692,0.029358082071930434
23.03466045398516,45.37918575913662,6.688299297897117,381.14688203473554,10.56,23.781827923443647,0.6253781651653845,0.2977397956756141,0.0
35.37532420097166,76.40001679677525,10.628753186517379,411.85228314449694,92.72,21.962926737110358,0.4490809554428894,0.8789985712943684,0.7098954497662654
39.3658445159447,42.97256379583284,10.978091059297512,727.579322134944,63.06,9.960252529839067,0.7319296013622764,0.41772199995433634,0.23900191401864
36.097606338528266,34.63415615947922,2.60945558855008,451.63899551883793,62.5,17.349679503587282,0.7543317008373318,0.5791920725048212,0.26348285834199836
33.25755333122896,25.928183931271477,5.418240884637177,856.7299465058974,39.98,24.791001804576574,0.33238528448715493,0.2932342501727823,0.08033844148325991
21.048780585790908,52.66851846190859,9.55953234807036,944.0947859303645,12.41,16.892601954726405,0.37177163506886746,0.49236762012599034,0.0
44.212219439859595,53.749246924388935,1.0604491227654926,335.94615337893384,100.0,18.415581993387345,0.8487641229828827,0.15929533950876645,0.708089478390881
39.96785479136436,78.8636097282035,5.423102816444349,560.6944813756801,100.0,24.278401204270555,0.23179283069061754,0.12779371673786155,0.6050805808485147
27.32055091752412,35.48670875122448,8.021991994217887,95.05653683256443,14.58,21.531632656627288,0.13372033357034738,0.4749868214571682,0.04684148146096637
44.49925823397126,46.66938915678799,14.94336739566958,200.46904776635898,60.64,15.233623022059815,0.46324425808763936,0.41892743001472965,0.2515307255256226
35.047039740908055,76.58840172255836,7.118003439336611,413.4657667101601,100.0,27.385317779855473,0.7409679201949032,0.20950425575346215,0.8673171261523973
34.56056645518116,77.65365275242814,12.240851356714854,206.20271590177884,85.83,9.064176716586964,0.7173344850485966,0.6500811431365869,0.5378148129684671
38.7018294857383,46.92277531851377,6.481009275999266,876.5604907887175,82.45,29.88791121475812,0.835624503130266,0.8943227927194116,0.48515048022085694
40.29424470225344,52.138681630067666,11.945860839295634,158.28625605909806,68.07,7.97131446190593,0.5265605314952322,0.41651745695736997,0.2142023825981452
36.41196518328756,41.2300123594498,8.931222024301626,455.660821553092,53.03,5.373749277605972,0.18005173725322665,0.5996469087339156,0.1422021044819202
23.202393659155,85.27884148935185,13.298931622535974,605.6992404598757,27.68,27.25047252871912,0.5709511794688129,0.8703807538915885,0.042969225362493056
28.45668764986246,28.30506360191062,6.164138285251648,691.8639081608444,23.52,11.123837709148901,0.7227164914825693,0.7652279779575002,0.010254157003344831
43.20209100815124,85.3624596101029,9.064566297322184,383.06936972650675,100.0,23.242490686168022,0.1746624962158611,0.4708417786421486,0.7702214392819007
25.615390296096297,67.87065162847404,9.450280209282411,869.0990687247286,40.8,25.275384373301733,0.23812592087807183,0.6899915875679354,0.08646640395541144
29.304175595937835,57.210050688071185,6.2607441270071,568.3191510779255,53.93,26.47465977580292,0.10983252892453672,0.20250803220041924,0.16053686616900253
30.8019220736049,22.28613425491471,2.164680655312223,439.5077804475518,26.73,29.78985589160417,0.5749220635574483,0.5096830843710394,0.0
30.985124742361304,53.29173342754058,1.4033911036850333,67.24063405203663,56.16,12.350992750999977,0.8093875135567236,0.32324822174394924,0.2268963356911791
35.323489562363136,48.542367350191256,0.2500732589944965,464.689468445165,92.69,22.75608354818148,0.6365306528016796,0.2289309503169289,0.6248979551722176
43.576895943617686,31.28531683825858,13.103013963678219,820.7358408157303,60.0,7.884996457020705,0.8856320700727857,0.4410247250036279,0.14304509956805922
26.017317795812623,65.94867224504598,3.547123683580418,614.5410182213154,58.7,15.170232283921235,0.15042692199980925,0.20481164354689155,0.1342136548967142
23.03753440752295,87.98056351578,3.1726012392265206,832.1624537291184,74.05,26.19929233281476,0.8224008681211971,0.6591880865395885,0.4057875689506594
24.936762246498432,59.35321677451676,11.040531006390983,494.0116705993056,18.85,14.19145115147771,0.7512546299093446,0.4649920352426684,0.06168755308197494
42.17312250523174,70.0327293510762,4.800241696310876,118.46170509448184,100.0,19.777384513390352,0.35139321639960397,0.5249157060517311,0.7611821685352297
36.14527031638015,24.791531679621173,7.590670386177549,13.63984583588107,35.66,17.59433609311585,0.8788212414698015,0.21710075093452563,0.050051305189405995
27.147669730979004,49.23668970718963,2.4376659794618445,303.2195467185912,37.27,21.148788277801128,0.33035019853713204,0.2118173288747956,0.0
40.39867347421543,28.14509396151471,14.396185821929539,697.9904714977924,54.46,29.322359734692373,0.8114437790625748,0.5667323482080993,0.23674414472343783
41.5342499090859,62.89570848755573,12.773721000258561,790.2599039416938,88.64,6.393388162535053,0.8045988616593516,0.888007798263557,0.5566089296243819
41.16285846725695,85.69375107499083,12.95684434447505,295.7528346203294,100.0,19.349037937540743,0.706126093282378,0.1770004665901805,0.7564611772840886
42.97316334098886,66.3244412730147,6.101606228580078,495.6539208832471,100.0,26.57571948125712,0.5507763790502815,0.328585142852625,0.8830848453379101
26.306025504334038,25.376213382009507,11.435418205607592,421.1189044340816,10.12,17.034567793710686,0.19600219969351046,0.7955672932303101,0.027921738527223045
38.87604821865696,44.8266343489558,2.1581423308467023,410.52278435142784,87.09,6.96317964853932,0.5255773875971986,0.15781760980418957,0.3779110221470821
31.5134874318535,58.546436560859604,0.12928503887670417,231.34871320015048,87.65,19.013483810419274,0.3854370045239477,0.800708577093561,0.4902893318867644
41.04996382225154,48.224542929327654,0.29959398867042186,136.37110502945836,99.03,13.30184727059551,0.7337736265242815,0.519428786699801,0.7547466276847566
38.212266929040325,78.35508073326207,8.799026061068407,196.6885582312131,100.0,8.873544633448397,0.7065033651974759,0.4266134191411407,0.6684874511300416
39.41118616249312,77.02697032969925,6.830923578719112,55.3323871633461,100.0,26.225862832086825,0.8284900058980842,0.34774445148116473,0.8837015915357829
36.404045942026784,62.8281714072255,7.770230233627796,198.13074182357704,84.41,18.039987824778038,0.1118641299453663,0.33769372650227353,0.45229081564841894
24.43571923674267,46.14205615928937,0.11194710625829107,9.200897625379456,13.85,28.331910309476665,0.7472825734584368,0.344642065959583,0.01435625451600974
33.62567297242346,37.87354616342709,6.340299294861386,627.2584006359783,48.3,25.150412615076725,0.8507696424997351,0.8078424647681567,0.11325022121031716
44.616743488112704,27.411202274919052,10.771022418012912,316.37540738768286,60.0,22.324294844341683,0.7314403592865201,0.6790361841398285,0.3269958852182125
43.43470166242797,44.84283784405878,6.640405529511538,973.1447114269087,88.36,5.125637584132798,0.20415556789629338,0.6357784062649204,0.6266245095310206
21.079343394925292,48.92207620454037,10.983288094683333,193.71705077629787,3.55,15.69558641595625,0.1650232838727102,0.7389993191616007,0.0
24.12037039323593,67.30760475728516,3.4952844659525217,345.8285703095939,39.52,9.937157041300807,0.11667619184616065,0.305691730403316,0.07946912413235697
23.293219336364047,66.07118770083014,12.197130067225881,357.8411586415332,14.96,27.769947776221695,0.6029961806624569,0.5944342496654046,0.012356324222447847
38.14949774963239,24.907569774887985,8.826468606801784,8.451496062460539,42.8,9.364599616909008,0.6037381214879098,0.4680529911663608,0.0736853857584249
40.44463324642363,47.668152080181045,3.1614464914485936,839.207953039459,99.41,12.151501291482138,0.8895309713745698,0.7259533081601547,0.7696386555696165
25.337784157766798,32.72452070521533,3.550807137807494,31.99446014432472,7.13,17.92091919336248,0.41843453928327656,0.3474048883786284,0.0
32.64631732379573,30.976889372176398,9.420456968543055,940.1798347292414,37.62,11.584090474951982,0.36552502791799746,0.6145428934959166,0.006087893037453079
41.01757570028,77.91115048160722,12.44909389818665,892.0743510936206,100.0,10.246616931978028,0.599539941747514,0.8057699294538508,0.7993692615041822
38.320038619156264,22.934065170138027,6.234416730437328,535.5219160859635,49.15,19.97748312756881,0.7604869380060751,0.421720380955943,0.11128433644609749
33.55593013729621,49.34280131314849,3.874506436913883,543.595574911292,71.64,7.223238068875597,0.8494191596184015,0.15329766989396917,0.17454027311288753
34.75869226146932,31.774255903656275,13.005174103659007,653.7779229561563,40.64,6.454193968023118,0.7424993329432309,0.5128406578734342,0.09924402687429819
32.709013672907,81.55311509749319,10.039024376262523,387.050011934887,91.06,14.306132379651785,0.44133918449264387,0.37677799024562075,0.5662841206623487
27.438711282970516,58.99283592925246,6.721282309246147,647.2222833978554,46.0,23.01661136269656,0.6079313882496513,0.6377803044377399,0.18792866941996123
34.1255498214754,36.19664454637936,7.318502929189528,44.76838868848687,37.36,18.8701689568487,0.7850394613728936,0.8608263397988849,0.09310748883676549
37.222132551252265,55.16991010164635,3.063847019045946,54.04762734972657,85.94,15.571911711669472,0.49248775064939154,0.4884866543974776,0.44023372948695033
41.83307289652019,71.2040451792181,9.402039450972659,457.23041961954436,100.0,19.14378910561456,0.27334931496431414,0.4729521841244271,0.6280866535309092
35.9072838494812,87.06826062436036,5.38113765814333,549.6223011060349,100.0,14.13628711633184,0.23577875179829838,0.6236678401531682,0.6871852836847021
39.02803842607895,35.43122029717932,14.934677650115239,887.817640335819,54.88,28.40365838580282,0.10012619566244539,0.18279800287485415,0.1320218112925028
24.001790873864323,82.03272404905417,7.202752728928318,104.66063390789625,35.09,6.372622272769358,0.6745903959850275,0.3028049511400117,0.09741958703638168
31.538936860494747,85.40128799172432,7.288284092844198,822.6479271938894,95.94,21.83478697574588,0.1888777670767924,0.8351834604003189,0.7200678682760178
20.233290495677334,84.14943811724464,8.487776811160078,210.04733729206959,15.83,27.28206662069376,0.29507127975675235,0.635954090691013,0.06487525582399149
26.166971613040577,64.47900498033368,13.7513400467812,394.0836485100319,23.48,25.097117718381334,0.33830106521823466,0.11075523518673301,0.0
38.16154287782512,64.08744581042953,12.012271497896254,316.6024348274129,80.28,9.60102587053617,0.5483038881094147,0.2637003780472159,0.44428641724776696
44.79524878373408,48.22474432286759,6.7669510469676215,400.15527286539896,86.0,12.398158724507208,0.4183658218366154,0.6462698128231192,0.545209937319318
22.479452489680398,72.66785176126515,10.78048898959194,150.49549807258555,13.2,22.92619846767762,0.6397391936185295,0.7115193620500594,0.0
30.037357896532207,57.19058128456523,8.793532481711425,503.57007440355494,47.77,7.106763979519139,0.14451092746296218,0.7718876581392335,0.1741439072118122
40.00177421747899,67.42066498598061,7.385505730518734,801.6425898313672,100.0,25.296542495814602,0.19915135541155157,0.3337414427056359,0.7532504609446597
25.10089086572247,49.99205326941568,2.884736591765258,441.53401037889694,31.78,22.972673615119756,0.49936920282661335,0.8448228770220502,0.06826972868385583
33.87712373255715,71.20475248301973,6.9590439518233635,490.6135758981991,92.11,23.240166230883563,0.3695718302774639,0.542357514862314,0.601429973263367
38.32678240074187,77.71300623231843,3.68727880533862,848.7675852813143,100.0,7.506034256689785,0.3366506902010878,0.6572312179103144,0.7628848652407408
35.39963625650448,30.25053796219713,13.72263224777482,706.0581146380308,41.88,22.944013620405773,0.15362246323001819,0.5773910902239264,0.027268009390100788
24.700618365385402,78.30508009019596,5.031102202445204,490.45440851978475,53.65,21.99545313049925,0.8165753397984011,0.19819204373969637,0.21002331611301564
28.884614217143486,57.82075722532151,14.283960218000583,257.6956481891797,30.95,25.773062270546262,0.6534548689000406,0.8704917275079039,0.08901400415456795
39.59479461213493,79.12661363631571,7.995829351420668,884.9267468449666,100.0,6.039898906411738,0.19729452545571952,0.19830046391532213,0.5508968697064568
33.855662853300416,50.191119443871024,9.473165680142404,577.0204016905584,57.38,5.577766711694805,0.1520367661897125,0.3039055651289469,0.2502011571088085
20.130740338572817,46.532833976812455,8.144106667339916,221.1476101106934,1.69,14.325177496964018,0.8798980267449944,0.7509023041783841,0.011607617124170591
39.02476900070235,84.05425127620558,1.9407092545005133,269.11975263801037,100.0,8.719707096228822,0.6449380403516038,0.5948775692008812,0.7767983525879495
20.88278387350598,37.581848728388096,5.637318285119115,803.1330889362459,10.64,18.95961193925555,0.4339648568749932,0.7705193323010856,0.0
38.6433445682808,79.09486277003002,1.487191684164359,44.14556208745546,100.0,27.93372253766872,0.6613848326046279,0.5125889506992359,0.9682073845637993
25.062014004130937,53.88144007565829,9.344310662750726,992.09218702882,25.08,14.786993258350392,0.7050654291841273,0.40159458829330796,0.0
43.951837002984504,55.98668097858818,6.7031129280065835,130.35167971479177,91.41,26.123759431815103,0.7239697619110235,0.837476399638228,0.7769317487142128
29.198518782552114,41.59277970426388,11.669774573564052,796.0685253969374,28.7,5.006021862946662,0.4823018445224462,0.1290018540118359,0.0
28.173290408451976,60.1129540433311,3.3070572149905475,394.77531677168287,57.15,9.212866086479606,0.44390620649987844,0.7849041762824367,0.15318219604669486
23.722201258311117,42.76478373933479,2.4684908764400237,492.21618328746683,23.21,5.760588491352141,0.10882246741512028,0.28465422815022534,0.05494269447066524
27.64010538725537,22.74885899691566,6.094983464456517,880.6505774645779,21.79,13.203679512876716,0.8412456921134704,0.7789890622031742,0.06979702897663903
41.916269045705015,39.039902374104926,13.898780748275717,412.9111895892132,60.0,27.70473989241257,0.5826463027111545,0.2113572907335085,0.16057894328842875
44.908358440681184,20.446533038461347,10.656327225186176,537.4937536732344,57.87,7.423803089974694,0.2625231497519745,0.5641751709524324,0.22610461939207174
29.207738262671207,88.48483509397997,6.28385437189378,49.29966240916994,84.52,20.16024441859501,0.8356827355371493,0.8104863352091777,0.6310587122538934
31.215265773863564,87.60230468738233,7.759082546314659,2.3474738674531537,91.15,16.287398477986105,0.8319455214162371,0.47883171751911247,0.5917995704470553
38.05177345506843,47.66087082306135,1.263195167656475,244.7998730017259,88.43,28.461705309145312,0.8913473314928767,0.6972533390427144,0.7623705748474752
42.154894511626864,70.98595980377522,14.768638445641697,680.5830929187673,94.03,8.062978563427347,0.7992452505111831,0.7437372942844468,0.6003611338979691
34.8261083546696,44.20642688872975,9.996109570423783,121.2648933591367,47.29,10.300696262555723,0.8982275102560519,0.6891953669734233,0.09283542130260639
29.788142454445733,66.97652099601832,4.281061026951337,113.76195880454942,63.45,5.738549215287332,0.29574895049861805,0.8402637894996786,0.2512066320424945
30.315546021215596,76.38010301321853,8.787125913228666,410.9606080359033,75.59,15.848381240784343,0.7737996681593873,0.4574673844159429,0.3499468093232977
37.39045366242017,86.27293712845685,1.6422354910349095,647.8370386082265,100.0,11.945822489116356,0.7584226470366117,0.23850035133212463,0.7423682206333866
20.080456590106966,48.01485930947704,14.487550032113754,712.0719922479306,3.79,26.74764834725802,0.284752287376587,0.13824885096198383,0.012261231289260714
35.48973343649602,74.83085880692335,2.621774818250489,178.45067409837478,100.0,20.123520329943876,0.17875003920079263,0.2971678957100041,0.6961907789401094
28.887325261033936,38.61499154424831,9.720454770828212,79.58814737204246,20.41,20.35226844939254,0.8835364109420797,0.2145580031041937,0.05668305880740507
39.8549332819271,89.32326126555539,3.6818169380839567,940.3970339455442,100.0,18.29776742203256,0.33681964121648833,0.5463589931475844,0.7430438716686127
22.324765995578304,21.80387191350458,10.763420739728037,260.6663825621017,0.0,7.296258430730025,0.7967134323742449,0.24795626976938562,0.011577053440690283
34.70505667370976,62.247016455078466,11.652320508604216,853.3464976087238,74.62,16.12546709313388,0.10330172373968312,0.13114696583149696,0.36644310736969943
32.024322247153094,66.16541871559289,10.101295933671489,863.4914504628183,72.86,29.98762974271291,0.11681984577568177,0.1287918630949343,0.3733821244133516
36.058138147630686,68.16318899518902,9.217491903827888,772.5225917625445,93.37,25.88073227115037,0.4726970469570947,0.7652555986918893,0.7622748179365046
21.62133986207421,28.42713051523623,13.387036409280174,168.83360665257007,0.0,27.336476354177897,0.29097174714805085,0.5731599451544199,0.0
34.499594685703286,85.69708484311913,1.1794006648463706,821.8014592542004,100.0,25.580658981162486,0.6518730267487715,0.3864682415147026,0.8525285455556705
34.03711469898809,32.682829533505796,4.963721486702928,769.2505592415866,51.67,7.5760423357745665,0.5524514604543634,0.8153824341921976,0.10109751470457295
34.016502360404274,63.592738226788875,3.7243121944626894,596.7229901062171,94.12,10.68620635161999,0.16198863796039317,0.15615728912617088,0.4678778517188049
35.08719166491137,35.58732553861594,14.820209430981324,337.20203516895276,42.16,5.078041283910241,0.23010263705257367,0.8842576581822608,0.07731947822088567
36.91169843065906,41.50514919148896,5.840846695003102,262.5086042665441,60.38,12.587753121952787,0.4104394160467314,0.5930334322035689,0.16284527638774463
40.12472499201924,58.25209792096871,10.989190488605981,121.88921208035896,77.2,7.715185058662314,0.24848325116434655,0.24677140317507879,0.3671922287416886
26.74551800320536,49.20353929952036,10.270877458215068,509.7570669008714,22.25,16.819833632539577,0.7337778777951429,0.6432552791815749,0.05984479852460645
40.62623525450155,31.21579206835544,3.181218562160666,585.2608755098465,69.51,21.92818721434755,0.4328561884426241,0.7107050078268501,0.23426896019950688
32.45639205658634,31.96554816945938,3.5849652031732697,359.3389905157872,34.69,26.862632375951925,0.17474549347399942,0.4434742266966196,0.01328964189932507
21.926456978358278,49.27013517139598,4.219268453295512,475.3590676808686,13.83,23.730429127272455,0.4874743218176999,0.789306084996438,0.0
21.46377323109948,73.00980847928506,6.166909173890688,363.51445736926667,23.23,28.46463989446263,0.17267054484913136,0.22058592583717626,0.0
28.355957967401523,82.8575252793452,3.514875984757902,641.0060573207013,86.82,6.34745725984472,0.20314984433585376,0.3230700668620867,0.45908912500245336
39.62242442778669,25.888936358156798,0.29477224120271706,901.2592077965634,92.62,5.304495885413536,0.2916878656225642,0.1747938892671918,0.4876417311962108
37.6920233685229,47.517273529158075,13.190895852107932,163.92026204694488,57.09,21.533452845905316,0.7876221641979918,0.26870227248588174,0.16801662793877664
39.71537411681016,27.017189460601365,14.48414747071326,381.4088099031234,53.09,12.233810255556156,0.8396900258663775,0.29098304952891607,0.21927264973856309
32.93172641104023,21.161473644281852,5.1235558054735195,140.8686039508613,25.05,11.337525402644328,0.7610061834656553,0.8341065527373681,0.0
31.004974948887266,66.32030778507696,5.077603191382093,624.943770407832,80.68,13.272177192344857,0.36726177393427784,0.16248775100092497,0.4523737042866024
23.686313167657097,62.171460937661145,0.1063771916155648,728.8705094885958,71.24,11.744901447309104,0.31795715288706533,0.4419320961501676,0.26933240777455186
28.20481884023279,31.411337967042034,10.20376032495561,931.9127325974558,23.18,17.785910157539682,0.5393245526321914,0.5259189497815304,0.016230107776208723
30.85048415434688,36.36689831651449,12.381598436229432,278.8719262609649,27.09,16.00371118060331,0.6774825284264898,0.8189544430417287,0.0053790424150979115
22.21501074199043,21.659542755116288,2.1991245054000474,950.2112058654302,20.77,17.810713784416407,0.8946982305281399,0.8981569749289708,0.0945962366998778
25.51529881778028,78.44630439860826,2.394995240507261,63.2626718206748,51.65,21.817840287510904,0.20525656950314097,0.7027104919358687,0.08831139741282662
34.95563235159347,88.2283417233986,11.851248749571566,603.0138633645881,100.0,14.678262724278708,0.13943359921904355,0.8766327924552236,0.7508518620657616
38.39157785597975,29.482167575628356,9.24436122531217,57.132719343329974,48.61,11.28269217855392,0.6554847111962168,0.7296809060286991,0.15536661747024108
44.95868778482374,36.20326496357087,0.6729083644157552,893.7741877619449,100.0,9.155013420218637,0.7657806268031244,0.8705621127771334,0.7259346953442378
43.327833283588944,80.78866667628537,9.338204856934226,529.8090570700541,100.0,13.736852988315638,0.7770790238931385,0.6658165807555642,0.762018452097102
36.06412998837979,84.85246585693294,4.633765842656491,669.348350762796,100.0,23.5451618811543,0.6427708392617285,0.16381074036085685,0.7705460561428384
30.5312013323518,49.37391679647672,5.530877332062689,831.5739259104525,60.5,23.917622752786738,0.8632126432953496,0.4215361495941412,0.1982781350365399
35.90443411770582,23.54357305883519,11.545971274453203,150.31062248396876,34.97,21.672634667105257,0.5088038108356695,0.6172778270419763,0.018042625559762604
39.6412904520058,22.757428358497357,12.164027890089159,38.59156193813384,46.38,10.850704382671864,0.83105183866897,0.3805748075634008,0.09297714565136869
22.958404773084684,60.176490624830734,6.00534940259746,878.8811459128522,34.04,19.702156146367443,0.8742497095932185,0.3187071344910229,0.0872581825478993
30.247622242407207,47.502657622522534,14.207294040095322,314.9332274589325,31.1,19.2672415394212,0.7777259656024862,0.5619194137064728,0.02760065500554836
40.99505714089043,22.005669930435815,6.096940769281083,128.97890792716527,52.14,17.106654952743135,0.34780685060689653,0.846801501361948,0.20963606747003896
29.5958237983261,60.827667461878974,11.57754052845165,468.46123708708654,41.17,18.749474659596608,0.25697252093623624,0.12798549881292287,0.024364023152201
34.29680678067966,20.791177561231574,7.258158968463886,598.3060756960188,34.38,17.294765815591703,0.5384960519854548,0.7153849628331502,0.0
34.694234021554955,75.11603707044911,13.46298489783126,30.970603422510123,78.67,19.136409151852703,0.46241180030415074,0.6781818224357017,0.5347344711378383
24.611906328340986,41.450297589236015,13.61641865475268,274.89565825708775,9.67,22.88764886552822,0.8022066737541864,0.8711627403106297,0.0
29.05588604130721,22.818060210646248,1.3112521180662577,32.79987427689601,13.52,7.740704860085994,0.180025336853723,0.8445689778660349,0.0
28.362782218548304,61.18465546882073,14.047399969653386,420.335389195499,31.6,23.740643803725593,0.30619204904921493,0.7097860496353543,0.0
20.65491771330162,47.83790901031383,12.383022622806235,895.1000290662444,7.5,8.397153753189855,0.7014391556149668,0.516327011746079,0.054893034390460005
20.604794097283882,88.16602893500047,11.869660714690003,982.6524114935692,27.4,6.665699960259367,0.17598931598184972,0.2634140425868159,0.006920578853361527
40.79242609189434,58.09390637525915,3.0136700952828366,637.0475535036276,100.0,29.40199215553669,0.3566115312173602,0.5361885746604595,0.8172478101652643
26.82677024932031,39.26674267259058,12.076788131319974,161.63769378459182,14.87,28.924794221761037,0.40972431524318653,0.7122815951357231,0.0
32.95196915597039,69.66072052437823,12.751991020275552,905.8493899993058,74.73,6.510913623514101,0.598075037250152,0.8165353701103145,0.415424654914583
27.468139339719325,39.00444017798979,4.337255016812264,516.2478232000605,26.01,16.081336036874056,0.2265061165754917,0.7317696073684393,0.016933188685610282
43.51698112788351,83.29703039852956,14.283901175434856,153.74931210291808,100.0,9.656123457494369,0.7884835922797676,0.2562135481528432,0.8382814163898187
26.482418971644343,46.23053793551635,0.7479021959874638,921.7266694516613,77.84,17.133622428360454,0.45803378837301945,0.5797490513824476,0.4182513237031067
30.741420318473377,58.49079939433437,2.248638798707095,757.469050723103,85.96,25.754431074989686,0.8336173695044452,0.3657387676250856,0.6365027459157018
41.81825626211504,23.54011726769602,8.063717070772714,731.7052727231516,54.86,28.765294368572256,0.4742959309071453,0.1073645339125144,0.21391680917659386
41.04833916979521,49.82848665665615,8.636887066834646,709.1807037944046,81.52,20.856316336288433,0.32003220715258673,0.2601767486309329,0.43383091108059857
24.652535446156932,78.26544777626964,9.677251249513551,200.33982109644234,30.77,13.847641680295427,0.21346306295013992,0.19057651994675942,0.0049425235533629985
40.06608274489276,76.39541637543394,0.25453693973199687,211.00669170752607,100.0,20.08313914111496,0.10299607576902786,0.7741752988315749,0.7820614968925179
31.454672168447317,35.70229911974684,14.405501619331954,688.292998427255,30.98,12.80003265271126,0.5257259879878685,0.3068050017182496,0.06344449508945203
32.07422180213388,35.82553497073938,0.6688213910121599,219.72275011039687,47.74,27.74559102080151,0.18572535754153874,0.3277583751100444,0.09136402968968815
23.336999310398596,77.21137185492657,2.145929290851036,438.67169680304886,56.27,26.760011577645923,0.41338221090494265,0.8679492574391074,0.21509804728453769
22.015037843928116,85.12788941185279,0.2102177628908547,782.0018255939414,74.42,18.955793756991525,0.5714174089896694,0.4032693784390817,0.43092788984255576
38.198482674344135,26.675264489110248,8.502876499411421,783.952518097841,50.96,13.119972884509014,0.32054871752216024,0.10766851211551565,0.22431232896686742
32.411528808882494,51.50410475983577,13.984003258814584,453.26177252585967,43.76,12.33474188957446,0.2401794338928922,0.32707691867690925,0.12725169668803946
30.921267565379488,43.62179952749602,9.989207491206963,792.1899382752451,37.17,5.835449867626487,0.7197772980874734,0.19543966448144998,0.1500950076511638
38.23770571630992,80.94819188202075,12.33986202720641,838.6217961980568,100.0,25.39552127563238,0.8574329378252965,0.18224684938868319,0.7937867326926568
39.13782247477774,25.846744027601314,0.19921805187870123,654.7757512842602,91.97,16.2595803259752,0.1803523342895728,0.16198983210859963,0.5702667439351549
23.97270419173384,34.778815979062614,8.130229477195892,228.42585230842016,6.95,13.128323210006611,0.2244722595080063,0.5746075761403019,0.06782675250213578
35.255628736941034,72.67278363105461,6.893444662582828,274.0117803855475,96.17,16.77775887494385,0.868010125802175,0.2514781789038869,0.6624258023757021
23.38385205694214,23.59056942868509,7.484519163311896,314.84115540873535,3.59,25.4684497613663,0.13022737744979704,0.3889942352328084,0.0
38.784377150726144,54.47747665000025,1.0831977800278192,116.804107733952,96.06,8.11535519268803,0.8821058692403778,0.7896141729040135,0.8148040921492615
36.42387890667849,50.9474924275804,10.266530416039611,273.1596203699451,61.67,26.441399706045683,0.10371558646799102,0.43947051183702057,0.1775599107884634
43.91536552708645,43.40808252921241,7.548306222879517,209.51922431253212,73.4,27.43772087770885,0.7989349245210651,0.8325530800413101,0.3611174512379486
21.72395040891053,47.620062072324664,11.47723274791896,455.32874980860214,6.81,28.667697875847203,0.34586014479019966,0.498350442716485,0.07738874344230236
21.426368028781358,57.095841085116305,7.2793595109257305,908.437547872265,19.53,14.937199810565694,0.8508710865418373,0.41906929187180464,0.07315565472529849
27.054676867330002,31.29571508718682,2.2407245433964813,104.48031675395808,13.21,10.428510100941796,0.35355623090846844,0.7003111416725613,0.026220800972677295
